ID	DOCULECT	CONCEPT	CONCEPTID	TRANSCRIPTION	SEGMENTS	COGID	GLOSS	pos
1	Nubi	OR	1014	ã			or	conj.
2	Nubi			ã			mother [Sama]	n.
3	Nubi	FAECES (EXCREMENT)	675	ã			feces	n.
4	Nubi			ai			elder sister [Lho]	n.
5	Nubi			ai			okay	part.
6	Nubi	POWER	2526	aŋ			power	n.
7	Nubi			aŋɖaŋ			serial number	n.
8	Nubi			aŋpa			last born child	n.
9	Nubi			aŋsaŋ			much more	adj.
10	Nubi	BROTHER	1262	atso			brother	n.
11	Nubi			atsu			brother [Lho]	n.
12	Nubi	WOUND	1109	aɲe			wound	n.
13	Nubi	OLDER BROTHER	1759	ata			elder brother	n.
14	Nubi	FATHER'S SISTER	170	ani			father's sister	n.
15	Nubi			ani			also	gra.
16	Nubi			ani			nun	n.
17	Nubi			ano			religiously bonded friend (female)	n.
18	Nubi	FRIEND	1325	anoro			friend	n.
19	Nubi			apa			father [Tib.]	n.
20	Nubi			apʃak			sword; traditional sword	n.
21	Nubi	MOTHER	1216	ama			mother	n.
22	Nubi			amaɖintse			exclamation	excl.
23	Nubi			amidewa			hymn (a kind of Chinese hymn)	n.
24	Nubi			amidewari			hymn (of a kind)	n.
25	Nubi			amtsi			traditional doctor	n.
26	Nubi			amtso			ear [var. amtsok]	n.
27	Nubi	EAR	1247	amtsok			ear	n.
28	Nubi	EARLOBE	18	amtsok sokpa			earlobe	n.
29	Nubi			arak			liquor [var. ara]	n.
30	Nubi			aroŋ			mediocre	adj.
31	Nubi	HOW MUCH	531	aruŋ			much	adj.
32	Nubi			aruŋ			after a while	adv.
33	Nubi			aruŋ tʃime			very badly	adv.
34	Nubi			aruŋne			after that	adv.
35	Nubi			arkjok			horn [Lho, cf. harkjok]	n.
36	Nubi			artsa			pot for making liquor (pot fixed at the center of the liquorpreparing pot)	n.
37	Nubi			arɲiŋ			pot in which the liquor is collected during its preparation	n.
38	Nubi			alaili			little [Sama, cf. elailu]	adj.
39	Nubi			alak			different [Lho, cf. guduk]	adj.
40	Nubi			ale			exclamation	gram.
41	Nubi	YES	1268	ale			yes	gram.
42	Nubi			ali			rupees	n.
43	Nubi	SOME	1241	aliili			some	adj.
44	Nubi			aluk			garland	n.
45	Nubi			awa			father [Lho]	n.
46	Nubi	PARENTS	505	awaã			parents	n.
47	Nubi			aʃaŋ			maternal uncle, father in law	n.
48	Nubi			ẽ			particle (question)	part.
49	Nubi			ẽ			particle (yes)	part.
50	Nubi			e			exclamation	excl.
51	Nubi			ei			particle (right?)	part.
52	Nubi			ei			elder sister	n.
53	Nubi	ITCH	148	ei			to itch	v.
54	Nubi			eila			particle (in particular)	part.
55	Nubi			etʃi			elder.sister	n.
56	Nubi	RIGHT	1019	epa			right	adv.
57	Nubi	RIGHT	1019	epa			right	adj.
58	Nubi			epi			grandmother [Lho, cf. epi]	n.
59	Nubi			epi			grandmother [Sama, see ibi]	n.
60	Nubi			epsa			porch	n.
61	Nubi	LEFT	244	ẽma			left	adj.
62	Nubi	RAINY SEASON	453	erka			rainy season	n.
63	Nubi			erma			pepper (a kind of spice)	n.
64	Nubi	RIGHT	1019	ela			right side	adv.
65	Nubi			elajulu			little [Lho, cf. alaili]	adj.
66	Nubi			elok			yard [Lho, cf. ghorum]	n.
67	Nubi	GRANDMOTHER	1496	i			grandmother	n.
68	Nubi			ikgjap			hiccup	n.
69	Nubi			intsi			foreigner	n.
70	Nubi	GRANDMOTHER	1496	ibi			grandmother	n.
71	Nubi			isi			kitchen garden	n.
72	Nubi	THAT	78	o			that	pron.
73	Nubi			oi			vocative case	gram.
74	Nubi	UNCLE	1327	ou			uncle	n.
75	Nubi	FATHER	1217	ou			father	n.
76	Nubi			oka			that is true, right?	part.
77	Nubi	AT THAT TIME	2922	okapsune			at that time	adv.
78	Nubi			oŋkar			Ongkar (Place name in Lho village)	n.
79	Nubi			oda			there (Lho, cf. phuta]	adv.
80	Nubi			oma			from there	adv.
81	Nubi			omala			from there	adv.
82	Nubi			oja			towards there	adv.
83	Nubi			u			head (Hon.)	n.
84	Nubi			uaŋ			food item (santified by offering to God)	n.
85	Nubi	BREATH	870	uk			breath	n.
86	Nubi	LEAVE	1752	ukʃak			to leave	v.
87	Nubi			utshu			like that	adv.
88	Nubi			utshurtap			after that	adv.
89	Nubi			udzu			like that	adv.
90	Nubi			uʈa			hair of body (Hon.)	n.
91	Nubi	THAT	78	udi			that	pron.
92	Nubi			uni			and then	adv.
93	Nubi	DOWN OR BELOW	2094	umala			below	adv.
94	Nubi	THERE	1937	ula			there	adv.
95	Nubi			uʃa			cap (Hon.)	n.
96	Nubi			ə̃			yes (exclamation. It is used to say that something is true or correct	gram.
97	Nubi			ədəktshe			chairperson (Nep.)	n.
98	Nubi			əni			and then (Nep.)	adv.
99	Nubi			ka			particle (contrast)	part.
100	Nubi			ka			stop (tran.)	v.
101	Nubi			ka			bad star; influence of plenatary stars	n.
102	Nubi			kaŋel			trouble	n.
103	Nubi	PROBLEM	2425	kaŋel			problem	n.
104	Nubi			kaŋgar			cigaratte made locallyby encassing the tobacco in leaves	n.
105	Nubi	LAME	320	kaŋtʃhak			lame	adj.
106	Nubi	PROBLEM	2425	kaŋɲal			problem	n.
107	Nubi	LEG	1297	kaŋba			leg	n.
108	Nubi			kaŋba tsu			to begin walking	v.
109	Nubi	KNEE	1371	kaŋba tshitko			knee	n.
110	Nubi	FOOT	1301	kaŋbathil			feet	n.
111	Nubi			kaŋmantse			acting as if	adj.
112	Nubi			kaʈin			gratitute	n.
113	Nubi			kana			yes  please (Hon.)	excl.
114	Nubi			kana			expression to reply 'yes' politely	excl.
115	Nubi			kanaŋ			yes please	excl.
116	Nubi	TEMPLE	911	kani			temple	n.
117	Nubi	COVER	761	kap			to cover	v.
118	Nubi	TIME	892	kap			time	n.
119	Nubi			kap			to thatch	v.
120	Nubi	SHOE	1381	kaptʃa			shoes	n.
121	Nubi	TIME	892	kapso			time	n.
122	Nubi			kam			to dry (intr.)	v.
123	Nubi			kampa			infertile animal or human beings	n.
124	Nubi	THIN	2308	kambo			thin	adj.
125	Nubi			karnak			light black	adj.
126	Nubi	WHITE	1335	karpo			white	adj.
127	Nubi			karmanamgjal			Karma Namgyal (name of a male person)	n.
128	Nubi	DIFFICULT	584	kale			difficult	adj.
129	Nubi	WHERE	1237	kale			where	adv.
130	Nubi			kalpa			civilization	n.
131	Nubi			kalpa			era	n.
132	Nubi			kawaŋ			worship (of a kind)	n.
133	Nubi	COLUMN	2045	ká			pillar	n.
134	Nubi	VOICE	1363	ke			voice	n.
135	Nubi	BE BORN	1090	ke			to be born	v.
136	Nubi	CALL	1084	ke gjap			to call	v.
137	Nubi			ke gjur			to translate	v.
138	Nubi	CALL	1084	ke taŋ			to call	v.
139	Nubi			ke hjul			birthplace	n.
140	Nubi			keka			gift; present	n.
141	Nubi			kekar			horoscope	n.
142	Nubi			ketsa			matters, talk [Tib., cf. tam]	n.
143	Nubi			ken			effect	n.
144	Nubi			ken			weakness (of a man)	n.
145	Nubi			ken			to hang (tran.)	n.
146	Nubi	WAIST	1681	kepa			waist	n.
147	Nubi	BETWEEN	689	kepala			between	adv.
148	Nubi	HUNTER	1053	kerapa			hunter	n.
149	Nubi			ki			loan; lending	n.
150	Nubi			-ki			ergative case	gram.
151	Nubi			-ki			instrumental case	gram.
152	Nubi			-ki			genitive case	gram.
153	Nubi			kitshaŋ			place where dog sits	n.
154	Nubi			kituk			happiness and hardness	n.
155	Nubi			kiduk			happy and hardship	n.
156	Nubi	HAPPY	1495	kipo			happy	adj.
157	Nubi			kiptsaŋ			jackal	n.
158	Nubi	PUPPY	74	kipʈuk			puppy	n.
159	Nubi	BETWEEN	689	kimala			between	adv.
160	Nubi			ko			particle (you know)	part.
161	Nubi			ko tshaktshak			smiling	adj.
162	Nubi	BETRAY	1902	kokse			cheat	n.
163	Nubi	DANDRUFF	576	koksi			dandruff	n.
164	Nubi	BROOM	245	koŋma			broom	n.
165	Nubi			kotro			prayer wheel moved by hand	n.
166	Nubi			kor			to go round	v.
167	Nubi			kora			going round	n.
168	Nubi	WINDOW	1375	korkhun			window	n.
169	Nubi			kol			to boil (tran.)	v.
170	Nubi	STATUE	1002	ku			statue	n.
171	Nubi			kuŋ			butter lamp	n.
172	Nubi			kuŋ			between [Sama, cf. bharke]	adv.
173	Nubi			kuna			remote	adj.
174	Nubi	GOD	1944	kuntsok			god	n.
175	Nubi			kundzaŋ			Kunsang (name of a male person)	n.
176	Nubi	THREAD	1161	kupa			thread	n.
177	Nubi			kuma 			thief [Sama, cf. kũwa]	n.
178	Nubi			kumtshe			worship done at gompa	n.
179	Nubi	WITH	1340	kumden			with	post.
180	Nubi	WORSHIP	257	kurum			worship	n.
181	Nubi			kũwa			thief [Lho, cf. kuma]	n.
182	Nubi			kusuŋthukten			worship (of some kind)	n.
183	Nubi			kʏ			to steal (var. ki)	v.
184	Nubi			køn			injury	n.
185	Nubi			kja			also	part.
186	Nubi			-kja			PL	gram.
187	Nubi	HUNDRED	1634	kja thampa			one hundred	num.
188	Nubi	FAECES (EXCREMENT)	675	kjakpa			feces	n.
189	Nubi	ONLY	1580	kjaŋkjaŋ			only	adv.
190	Nubi			kjaptʃol			refugee	n.
191	Nubi			kjal			to make reach	v.
192	Nubi			kjo			laddle	n.
193	Nubi	POOR	1674	kjou			poor	adj.
194	Nubi			kjon			affect	n.
195	Nubi			kjopso			relief	n.
196	Nubi			kjor			to fence	v.
197	Nubi	SOUR	1906	kjurpu			sour	adj.
198	Nubi	THIEF	1160	kwã			thief	n.
199	Nubi			kám			to make dry	v.
200	Nubi	MOUTH	674	kha			mouth	n.
201	Nubi			kha			shard edge	n.
202	Nubi	SNOW	784	kha:			snow	n.
203	Nubi			kha tshendi			chilli hot	adj.
204	Nubi			kha dar			to sharpen (equipment)	v.
205	Nubi	SEPARATE	1359	khaka			to separate	v.
206	Nubi	THIRST	848	khakom			thirst	n.
207	Nubi	DIFFICULT	584	khakpo			difficult	adj.
208	Nubi	BITTER	887	khakpu			bitter	adj.
209	Nubi	ROOF	769	khaŋdok			roof	n.
210	Nubi			khaŋpa			house [Tib.]	n.
211	Nubi	DAY BEFORE YESTERDAY	1180	khatsiŋ			day before yesterday	adv.
212	Nubi	COVER	761	khatʃo kop			cover	n.
213	Nubi	NUMBER	1356	khaʈaŋ			number	n.
214	Nubi			khaɖal			to be separated	n.
215	Nubi			khaɖaltsuk			to separate (tran.)	v.
216	Nubi	TOWARDS	2754	khatuk			towards	post.
217	Nubi			khadik			to stammer	v.
218	Nubi			khanup			day before yesterday [Lho, cf. khonum]	adv.
219	Nubi	NEEDLE (FOR SEWING)	1382	khap			needle	n.
220	Nubi			khaptsok			lid; cover	n.
221	Nubi			khaptuk			direct	adj.
222	Nubi	STRAIGHT	1404	khapthuk			straight	adj.
223	Nubi	SOUR	1906	khappo			sour	adj.
224	Nubi			khaple			chatting	n.
225	Nubi	OPEN	1156	khabe			to open	v.
226	Nubi			kharak			crow [Sama, cf. garok]	n.
227	Nubi			kharal			incomplete	adj.
228	Nubi	HALF	816	kharal			half	adj.
229	Nubi			khari khaptuk			straightforward in nature	adj.
230	Nubi	SURFACE	547	khala			surface	n.
231	Nubi			khala			food [cf. khalak]	n.
232	Nubi			khalak			food [Tib.]	n.
233	Nubi			khasaŋ			recently	adv.
234	Nubi			khase			somebody	pron.
235	Nubi			khaseni			some [Tib.]	pron.
236	Nubi			khasiŋ			recently	adv.
237	Nubi			khasin teli			recently	adv.
238	Nubi			khahala			over there; on that side	adv.
239	Nubi	YOU	1213	khẽ			you	pron.
240	Nubi			kheu			beard; mustache	n.
241	Nubi			khen			knowledgeable	adj.
242	Nubi	DIFFERENT	2504	khepar			different	adj.
243	Nubi			khembu			abbot	n.
244	Nubi	YOU	1213	kheraŋ			you	pron.
245	Nubi			khewa			skillful	adj.
246	Nubi			khewaŋ			skilled person	adj.
247	Nubi			khesin			recently	adv.
248	Nubi	CHEAP	1887	khiu			cheap	adj.
249	Nubi	CIRCLE	1467	khikhir			circle	n.
250	Nubi	HOUSE	1252	khim			house	n.
251	Nubi	NEIGHBOUR	1332	khimdze			neighbour	n.
252	Nubi			khimdak			master of the house	n.
253	Nubi	SPOON	1378	khimbu			spoon	n.
254	Nubi			khirkhir			circular	adj.
255	Nubi			kho			he, it	pron.
256	Nubi			kho			liquid; juice	n.
257	Nubi			kho sopsop			juicy	adj.
258	Nubi			khokkhok			curly (hair)	adj.
259	Nubi			khokpa			inner part of body	n.
260	Nubi	WOUND	1109	khokpa			wound	n.
261	Nubi	TESTICLES	797	khoksi			testicles	n.
262	Nubi	HE	1211	khoŋ			he	pron.
263	Nubi	BE ANGRY	2223	khoŋ laŋ			to be angry	v.
264	Nubi	ANGRY	1826	khoŋɖo			angry	adj.
265	Nubi			khonum			day before yesterday [Sama, cf. khadzaŋ]	adv.
266	Nubi	YOU	1213	khoraŋ			you	pron.
267	Nubi	THEY	817	khoraŋ			they	pron.
268	Nubi	SELF	1993	khoroŋ			self	pron.
269	Nubi	NUT	191	khortshen			chilli	n.
270	Nubi			khorpa			big sickle	n.
271	Nubi	BOIL (OF LIQUID)	792	khol			to boil (intr.)	v.
272	Nubi	POCKET	1851	khol			pocket	n.
273	Nubi			kholda			strip (of bell of horse)	n.
274	Nubi			khu			to be able	v.
275	Nubi	THEY	817	khuŋ			they	pron.
276	Nubi	THEY	817	khuŋgja			they	pron.
277	Nubi	THEY	817	khuŋtso			they	pron.
278	Nubi	THEY	817	khuntso			they	pron.
279	Nubi	CARRY	700	khur			to carry	v.
280	Nubi			khurpa			porter	n.
281	Nubi	LOAD	1679	khurpu			load	n.
282	Nubi			khø			you (2sg)	pron.
283	Nubi			khja			feeling cold	n.
284	Nubi			khjak			to freeze (intr.)	v.
285	Nubi			khjaktsu			to freeze (tran.)	v.
286	Nubi	YOUR	2091	khjaŋ			your	pron.
287	Nubi			khjaŋgja			you (pl)	pron.
288	Nubi			khjap			to spread	v.
289	Nubi			khjam			to go round; to visit	v.
290	Nubi	HUSBAND	1200	khjoka			husband	n.
291	Nubi			khjoktoŋ			young boy	n.
292	Nubi			ga			particle (contrast)	part.
293	Nubi	GOOD	1035	ga			good	adj.
294	Nubi	HAPPY	1495	ga			happy	adj.
295	Nubi			ga			seat on the back of jak	n.
296	Nubi			ga			to be stuck on neck	v.
297	Nubi			ga			to stop (intr.)	v.
298	Nubi	TIME	892	gaŋ			time	n.
299	Nubi			gaŋ			to be full (intr.); to make full (tran.)	v.
300	Nubi			gaŋ			what (Tib.)	pron.
301	Nubi	WHILE	726	gaŋ			while	adv.
302	Nubi	OLD (AGED)	2112	gaŋun			old (aged)	n.
303	Nubi	GOOD	1035	gaŋtsen			nice	n.
304	Nubi			gaŋpo			all (Tib.)	adj.
305	Nubi			gaŋmantse			extreme	adj.
306	Nubi	TIME	892	gaŋla			time	n.
307	Nubi			gatsø 			how much [Tib., cf. maŋlø]	adj.
308	Nubi	HOW MUCH	531	gadzin			much	adj.
309	Nubi			gana			where [Lho, cf. gunta]	adv.
310	Nubi	WHERE	1237	ganala			where	adv.
311	Nubi			gane			how [Lho, cf. guntsu]	adv.
312	Nubi	HOW	1239	gante			how	adv.
313	Nubi			gap			Ghap (place name in Prok)	n.
314	Nubi	BUTTOCKS	834	gapta			buttock	n.
315	Nubi	WEIGH	1098	gar			to weigh	v.
316	Nubi			garok			crow [Lho, cf. kharak]	n.
317	Nubi			garu			where [Samdo]	adv.
318	Nubi			garu			wherever	adv.
319	Nubi	DANCE	1879	gartse			dance	n.
320	Nubi	FENCE	1690	garta taŋ			fence	n.
321	Nubi			gala			clothes [Sama, cf. golak]	n.
322	Nubi			gala			where [Samdo]	adv.
323	Nubi	SLOWLY	2165	gale			slowly	adv.
324	Nubi			galegale			hurriedly	adv.
325	Nubi	BALD	1125	galɖer			bald	adj.
326	Nubi			gawa			graycoloured soil	n.
327	Nubi	EIGHT	1705	ge			eight	num.
328	Nubi			ge			to be split	v.
329	Nubi	FAST	1631	geu			quickly	adv.
330	Nubi			geŋun			old man and woman	n.
331	Nubi	NINETY	1724	getʃu			ninety	num.
332	Nubi			getʃugeʈuk			eighty six	num.
333	Nubi			geɲuŋ			aged people	n.
334	Nubi			gen			upward slope	n.
335	Nubi			gerpa			individual; private	n.
336	Nubi			gerpa			private	adj.
337	Nubi	FALL	1280	gel			to fall	v.
338	Nubi	FALL	1280	gel			to fall	v.
339	Nubi	SLOW	701	gele			slow	adj.
340	Nubi	RELIGION	661	gewa			religion	n.
341	Nubi			-gi			instrumental case	gram.
342	Nubi			-gi			ergative case	gram.
343	Nubi			giri 			all [Lho, cf. tʃapa]	adj.
344	Nubi	ALL	98	girimiri			all	adj.
345	Nubi	GLASS	604	gila			glass	n.
346	Nubi	DOOR	1567	go			door	n.
347	Nubi	HEAR	1408	go			to hear	v.
348	Nubi			go			to need	v.
349	Nubi	ENOUGH	1881	goko			to be enough	v.
350	Nubi	BAD	1292	gokpo			bad	adj.
351	Nubi			gõgõ			beginning [Sama, cf. goma]	adv.
352	Nubi			goŋ			good [Sama, cf. hjama]	adj.
353	Nubi			goŋo			at the first time	adv.
354	Nubi	EVENING	1629	goŋmo			evening	n.
355	Nubi			goŋlo			year (Hon.)	n.
356	Nubi	WEAR	976	gon			to wear	v.
357	Nubi			goni			in the beginning	adv.
358	Nubi			gopu			old; aged	adj.
359	Nubi			gom			addicted to tobacco, or any other things	n.
360	Nubi			gom			meditation	n.
361	Nubi			goma 			in the beginning [Lho, cf. gõgõ]	adv.
362	Nubi			gomani			firstly	adv.
363	Nubi			gompa			monastery	n.
364	Nubi			gomsi			habit	n.
365	Nubi			gorom			yard [Sama; cf. jolok]	n.
366	Nubi			gorum			yard [Sama, cf. elok]	n.
367	Nubi			golak			clothes [Lho, cf. gala]	n.
368	Nubi			golu			song sung when men move from old house to new house	n.
369	Nubi	NINE	1483	gu			nine	num.
370	Nubi			gui			forth day coming (in future, coming)	n.
371	Nubi	CORNER	192	gukla			corner	n.
372	Nubi			guŋmal			beam for supporting rafter	n.
373	Nubi	MIDDLE	1093	guŋla			middle	n.
374	Nubi			guduk 			different [Lho, Sama alak]	adj.
375	Nubi			guntsu			how [Sama, cf. gane]	adv.
376	Nubi			gunta			how [Sama, cf. gana]	adv.
377	Nubi			gupkja			ninety ninety	num.
378	Nubi	TENT	1316	gur			tent	n.
379	Nubi			guruŋ			Gurung	n.
380	Nubi			gul			to shake (intr.)	v.
381	Nubi			gul			shake (tran.)	v.
382	Nubi			gul			to move (intr., tran.)	v.
383	Nubi			gultsuk			to shake (tran.)	v.
384	Nubi			gø			to distribute	v.
385	Nubi	WINTER	1471	gønka			winter	n.
386	Nubi	HUNDRED	1634	gja			hundred	num.
387	Nubi			-gja			plural	gram.
388	Nubi	GATE	2940	gjak			gate	n.
389	Nubi			gjakar			India	n.
390	Nubi	GATE	2940	gjako			gate	n.
391	Nubi	BACK	1291	gjakuŋ			back	adv.
392	Nubi	BEHIND	1686	gjakuŋ			behind	adv.
393	Nubi			gjakuŋla			after that	adv.
394	Nubi	MANY	1198	gjaktse			many	adj.
395	Nubi	FAT (ORGANIC SUBSTANCE)	323	gjakpa			fat	adj.
396	Nubi			gjakʃo			fattest	adj.
397	Nubi	GATE	2940	gjago			gate	n.
398	Nubi			gjatso			Ghyacho (name of a man)	n.
399	Nubi	EIGHTY	1722	gjatʃu			eighty	num.
400	Nubi			gjatʃugjaɲi			eighty two	num.
401	Nubi			gjanak			China	n.
402	Nubi			gjap			to fix (a tent)	v.
403	Nubi	BUILD	1840	gjap			to build	v.
404	Nubi			gjap			to drive away	v.
405	Nubi	HIT	1433	gjap			to hit	v.
406	Nubi			gjaptsa gjap			to hold each other	v.
407	Nubi	OCEAN	645	gjaptso			ocean	n.
408	Nubi	BEHIND	1686	gjapla			behind	post.
409	Nubi	BUCKWHEAT	2040	gjabre			buckwheat	n.
410	Nubi			gjami			Chinese	n.
411	Nubi	OCEAN	645	gjamtso			ocean	n.
412	Nubi			gjaram			located in cross position	n.
413	Nubi	FALL	1280	gjal			to fall	v.
414	Nubi			gjaliŋ			small flute-like musical instrument a lama plays	n.
415	Nubi	COUNTRY	1300	gjalkap			country	n.
416	Nubi			gjaltsa			here and there	adv.
417	Nubi			gjaltsagjap			to hold each other	v.
418	Nubi			gjaltsen			name of a male person	n.
419	Nubi			gjaltsuk			to make fall; to let fall	v.
420	Nubi			gjaltaŋ			bird (of a kind)	n.
421	Nubi	KING	1508	gjalbo			king	n.
422	Nubi			gjawa riŋpur			Dalai Lama	n.
423	Nubi			gjawarimportshe			Dalai Lama	n.
424	Nubi			gjãs			gas	n.
425	Nubi			gjaʃugjaɲi			eighty two	num.
426	Nubi	FAST	1631	gjowú			quickly	adv.
427	Nubi			gju			property	n.
428	Nubi			gju			property inherited from parents	n.
429	Nubi	RUN	1519	gjuk			to run	v.
430	Nubi			gjuken			cause and effect	n.
431	Nubi	STICK	1295	gjukpa			stick	n.
432	Nubi	BECOME	1990	gjur			to become	v.
433	Nubi	CHANGE	1264	gjurwa			to change	v.
434	Nubi	I	1209	ŋa			I	pron.
435	Nubi	WE	1212	ŋaŋtso			we	pron.
436	Nubi			ŋaɲaŋ			early morning	adv.
437	Nubi			ŋantso			we (Tib.)	pron.
438	Nubi	EARLY	672	ŋande			early	adv.
439	Nubi			ŋanso			resting place	n.
440	Nubi	FIFTY	1717	ŋaptʃu			fifty	num.
441	Nubi	BEFORE	1882	ŋama			before	adv.
442	Nubi			ŋamaŋame			long long ago	adv.
443	Nubi			ŋamɲum			experience	n.
444	Nubi	SELF	1993	ŋaraŋ			self	pron.
445	Nubi	TOMORROW	1329	ŋaro			tomorrow	adv.
446	Nubi	OBSTINATE	1842	ŋarkel			obstinate	adj.
447	Nubi			ŋarkjal			insistent	adj.
448	Nubi			ŋarpa			hard working man	n.
449	Nubi			ŋarme			forcefully	adv.
450	Nubi	SWEET	717	ŋarmo			sweet	adj.
451	Nubi			ŋala			first; before	adj.
452	Nubi			ŋalo			what time (early)	adv.
453	Nubi	FIRST	728	ŋaʃo			first	num.
454	Nubi	FIVE	493	ŋá			five	num.
455	Nubi	DRUM	908	ŋá			drum	n.
456	Nubi	WE	1212	ŋe			we	pron.
457	Nubi			ŋeki gompa			Ngeki monastery (Nagarjuna in Kathmandu)	n.
458	Nubi	PILLOW	1044	ŋeko			pillow	n.
459	Nubi	PILLOW	1044	ŋego			pillow	n.
460	Nubi			ŋeŋe			rather little[Sama, cf. tsatsa]	adj.
461	Nubi			ŋetʃik			little [Lho, cf. ŋeŋe]	adv.
462	Nubi	BEFORE	1882	ŋema			before	adv.
463	Nubi			ŋemadiki			Ngemadiki (name of a girl)	n.
464	Nubi	NEAR	1942	ŋemo			near	adv.
465	Nubi	BAD	1292	ŋempa			bad	adj.
466	Nubi			ŋewa rere			everyday	adv.
467	Nubi	SMALL	1246	ŋéŋé			little	adj.
468	Nubi	WE	1212	ŋi			we	pron.
469	Nubi	WE	1212	ŋigja			we	pron.
470	Nubi			ŋimeŋime			forcefully	adv.
471	Nubi			ŋo			to recognize	v.
472	Nubi			ŋo seken			identification	n.
473	Nubi			ŋokar			light blue	adj.
474	Nubi	SHY	487	ŋotsha			shy	n.
475	Nubi			ŋotok			real	adj.
476	Nubi			ŋotok			in reality	adv.
477	Nubi			ŋotok			extremely	adv.
478	Nubi			ŋonpo			blue (Tib.)	adj.
479	Nubi	BEFORE	1882	ŋoma			before	adv.
480	Nubi	BLUE	837	ŋombu			blue	adj.
481	Nubi			ŋola			before; in front of	adv.
482	Nubi	CRY	1839	ŋui			to weep	v.
483	Nubi			ŋuitsuk			to make weep	v.
484	Nubi	BEFORE	1882	ŋuma			before	adv.
485	Nubi	SILVER	759	ŋul			silver	n.
486	Nubi	MONEY	1559	ŋul			money	n.
487	Nubi	SWEAT (SUBSTANCE)	125	ŋulnak			sweat	n.
488	Nubi			ŋø			to fry	v.
489	Nubi			ŋápa			fifth	num.
490	Nubi	VEIN	1924	tsa			vein	n.
491	Nubi	ROOT	670	tsa			root	n.
492	Nubi	GRASS	606	tsa			grass	n.
493	Nubi	BASKET	1539	tsau			basket	n.
494	Nubi			tsakatsiki			light (not serious)	adj.
495	Nubi			tsaksum			twenty three	num.
496	Nubi	LIZARD	632	tsaŋbre			lizard	n.
497	Nubi	CLEAN	704	tsaŋma			clean	adj.
498	Nubi			tsaŋma			pure (untouched)	adj.
499	Nubi			tsatsa 			ratjer little [Sama, cf. ŋeŋe]	adj.
500	Nubi	TWENTY	1710	tsaɲi			twenty	num.
501	Nubi			tsadokju			curse; abusive expression	n.
502	Nubi	GRASSHOPPER	607	tsabu			grasshopper	n.
503	Nubi	LIKE	1117	tsamɖa			like	adj.
504	Nubi			tsampa			flour [Nubri, cf. phe]	n.
505	Nubi			tsal			to search	v.
506	Nubi			tsala			to sift	v.
507	Nubi	PLAY	1413	tse			play	v.
508	Nubi			tse			front part of panis	n.
509	Nubi	TONGUE	1205	tseõ			tongue	n.
510	Nubi			tsen			place where people live (in contrast to the place where god andsnake god lives)	n.
511	Nubi			tsepo			basket (made of bamboo strips)	n.
512	Nubi			tsema 			less	adj.
513	Nubi			tsema			young, youth	adj.
514	Nubi			tsemʃel			eyeglass (Hon)	n.
515	Nubi			tsẽresi			Cherensi God	n.
516	Nubi	POT	1462	tselak			pot	n.
517	Nubi			tsesa			playground	n.
518	Nubi			tsĩ			particle (right)	part.
519	Nubi			tsi			to calculate; to count	v.
520	Nubi			tsi			mathematics	n.
521	Nubi			tsia			also	adv.
522	Nubi	SOME	1241	tsia			some	adj.
523	Nubi			tsikden			normal life	n.
524	Nubi	WALL (OF HOUSE)	933	tsikpa			wall	n.
525	Nubi			tsikja			foreigner	n.
526	Nubi			tsitaŋtsime			very much	adv.
527	Nubi			tsitamtʃi			anything	pron.
528	Nubi			tsitoŋ taŋ			to calculate	v.
529	Nubi			tsiduŋ			calculation	n.
530	Nubi			tsilo			what (used in the conversation when one is confused)	excl.
531	Nubi			tso			important; main	adj.
532	Nubi			tsoktsok			straight up (while sitting)	n.
533	Nubi	PRISON	1281	tsoŋkhaŋ			prison	n.
534	Nubi			tsotso 			like (resembling) [Sama, cf. tʃamɖa]	adj.
535	Nubi			tsomdendja			Lord Buddha	n.
536	Nubi	PRISONER	1072	tsompa			prisoner	n.
537	Nubi	BELIEVE	1890	tsol			to believe	v.
538	Nubi			tsu			to plant small plant	v.
539	Nubi			tsuk			to allow	v.
540	Nubi			tsupin			crest	n.
541	Nubi			tsum			Tsum valley	n.
542	Nubi	COOK (SOMETHING)	1100	tsø			to cook	v.
543	Nubi	PRISON	1281	tsøŋkhaŋ			prison	n.
544	Nubi			tsøsa			pot for cooking	n.
545	Nubi	SALT	1274	tsha			salt	n.
546	Nubi	FEVER	1534	tsha			fever	n.
547	Nubi			tsha garpa 			with more salt	adj.
548	Nubi	GRANDDAUGHTER	1619	tshãu			granddaughter	n.
549	Nubi	NEPHEW	1063	tshaũ			nephew	n.
550	Nubi			tshau			grandson\	n.
551	Nubi	BECOME	1990	tshak			to become	v.
552	Nubi			tshak			Chak village in Nubri	n.
553	Nubi	ENOUGH	1881	tshaŋ			to be enough	v.
554	Nubi	NEST	539	tshaŋ			nest	n.
555	Nubi			tshaŋma			all (Tib.)	adj.
556	Nubi			tshaŋre			attendence	n.
557	Nubi			tshaŋsaŋmo			Chhangsangmo (name of a female person)	n.
558	Nubi	MEANING	2950	tshaɲi			meaning	n.
559	Nubi	HOT	1286	tshane			hot	adj.
560	Nubi	HOT	1286	tshande			hot	adj.
561	Nubi	NIGHT	1233	tshamo			night	n.
562	Nubi	SOMETIMES	1544	tshamtsham			sometimes	adv.
563	Nubi	GROW	479	tshar			to grow (intr.)	v.
564	Nubi			tshariktsen			Chharikchen (name of a male person)	n.
565	Nubi			tshartsuk			to grow (tr.)	v.
566	Nubi	VEGETABLES	924	tshe			vegetable	n.
567	Nubi			tsheta			traditional mill	n.
568	Nubi			tshedu			for [Tib.]	post.
569	Nubi	NIGHT	1233	tshen			night	n.
570	Nubi			tshen rikpa			scientist	n.
571	Nubi			tshepa			date	n.
572	Nubi			tshema			debate	n.
573	Nubi			tsher			semi-liquid substance when the whey is boiled and changes intosolid while making cheese	n.
574	Nubi			tsher			feeling of sadness or unhappiness	n.
575	Nubi			tsher lu			song which is sung one someone is sad	n.
576	Nubi			tsheraŋ			auspicious moment	n.
577	Nubi			tsherikpa			scientist	n.
578	Nubi	THORN	124	tsherma			thorn	n.
579	Nubi			tshewaŋgjurme			Tsewanggurme	n.
580	Nubi			tshewaŋtsheʈup			worship (name of a worship)	n.
581	Nubi			tsheʃo			first born	adj.
582	Nubi			tsheʃo			oldest	adj.
583	Nubi	JOINT	999	tshi			joint	n.
584	Nubi	OCEAN	645	tshi gjamdzo			ocean	n.
585	Nubi	BURN	2102	tshik			to burn	v.
586	Nubi			tshikja			foreign country	n.
587	Nubi			tshiŋtshøʈen			Chinchyoten	n.
588	Nubi			tshitu			for	post.
589	Nubi	KNUCKLE	2824	tshidok			knuckle	n.
590	Nubi			tshipta			horse (Hon)	n.
591	Nubi	NIGHT	1233	tshimu			night	n.
592	Nubi	BIG	1202	tshimpo			big	adj.
593	Nubi			tshimpo			first born, eldest	adj.
594	Nubi			tshiriŋ			Tshiring (name of a person)	n.
595	Nubi			tshiriŋtshøʈen			Chiring Choeten (name of a person)	n.
596	Nubi			tshiriŋnamgjal			Chhiring Namgyal (name of a person)	n.
597	Nubi	LATE	477	tshila			later	adv.
598	Nubi	LATE	477	tshiso			later	adv.
599	Nubi			tshiʃo			heaviest [Sama, cf. tʃaʃo]	adj.
600	Nubi			tsho			to ripen; to be cooked	v.
601	Nubi	TOWARDS	2754	tshok			towards	adv.
602	Nubi			tshokaŋ gompa			Chokang gompa [PN]	n.
603	Nubi	ABOVE	1741	tshokpa			above	adv.
604	Nubi			tshokpa			group; organization	n.
605	Nubi			tshokla			on that side	adv.
606	Nubi	TOWARDS	2754	tshokla			towards	adv.
607	Nubi			tshokliŋ			Chokling (name of a lama)	n.
608	Nubi			tshokliŋ rimburthse			Tshokling Rimborthse (a lama)	n.
609	Nubi	SELL	1571	tshoŋ			to sell	v.
610	Nubi	SHOP	746	tshoŋkhaŋ			shop	n.
611	Nubi			tshoŋpa			seller	n.
612	Nubi			tshoɖik			fulfilled	v.
613	Nubi			tshomiɖik			not fulfilled	adj.
614	Nubi			tshor			knowledge	n.
615	Nubi	FEEL	1079	tshor			to feel	v.
616	Nubi			tshorten			stupa	n.
617	Nubi			tshorwa			feeling	n.
618	Nubi			tshorwa			experience	n.
619	Nubi	HERE	136	tshu			here	adv.
620	Nubi			tshu			this side	adv.
621	Nubi			tshuŋtshuŋ			while being young	adv.
622	Nubi			tshurtap			from there	adv.
623	Nubi			tshurtap			after that	adv.
624	Nubi	CHEESE	1569	tshurpe			cheese	n.
625	Nubi			tshula			this side	adv.
626	Nubi			tshuluŋ			irrigation-channel	n.
627	Nubi	GRAZE	3058	tshø			graze	v.
628	Nubi	IRON	621	tʃa			iron	n.
629	Nubi	DESTROY	681	tʃak			to break (tr.)	v.
630	Nubi	TIN (METAL)	893	tʃakar			tin	n.
631	Nubi	WHIP	2630	tʃaktsen			whip	n.
632	Nubi			tʃaŋ			any	pron.
633	Nubi			tʃaŋ			to hang (tran.)	v.
634	Nubi	CLEVER	1310	tʃaŋbo			clever	adj.
635	Nubi			tʃaŋʃo			cleverest	adj.
636	Nubi			tʃana			particle (doubt)	part.
637	Nubi			tʃande 			heavy [Lho, cf. tʃøtʃø]	adj.
638	Nubi			tʃapa			all [Sama, cf. giri]	adj.
639	Nubi	EIGHTEEN	1713	tʃapke			eighteen	num.
640	Nubi			tʃapta 			all [Sama, cf. dʒeptak]	adj.
641	Nubi	ALL	98	tʃaptali			all	adj.
642	Nubi			tʃamʈa			similar (resembling) [Lho, cf. tsotso]	adj.
643	Nubi	LIKE	1117	tʃamɖa			like	adj.
644	Nubi			tʃar			to attend	v.
645	Nubi			tʃaʃo			heaviest [Lho, cf. tshiʃo]	adj.
646	Nubi			tʃen			eye (Hon.)	n.
647	Nubi	SMALL	1246	tʃema			small	adj.
648	Nubi	THING	738	tʃelak			thing	n.
649	Nubi	WHAT	1236	tʃi			what	pron.
650	Nubi			tʃi			to build wall	v.
651	Nubi			tʃiã			any	pron.
652	Nubi	ONE	1493	tʃik			one	num.
653	Nubi			tʃiktaŋ			actually	adv.
654	Nubi			tʃikpe			lonely	adj.
655	Nubi	ALONE	1964	tʃikpetʃik			alone	adv.
656	Nubi			tʃikpo			something [Tib.]	pron.
657	Nubi			tʃikra			something	pron.
658	Nubi	WHAT	1236	tʃini			what	pron.
659	Nubi	SIXTEEN	2454	tʃiruk			sixteen	num.
660	Nubi			tʃilo			what else?	excl.
661	Nubi	FIFTEEN	1709	tʃoŋa			fifteen	num.
662	Nubi			tʃotʃo 			like that [Sama, cf. ɖanɖa]	adj.
663	Nubi	NOISE	1182	tʃotʃomama			noise	n.
664	Nubi	TEN	1515	tʃu			ten	num.
665	Nubi			tʃukputʃik			alone only	adj.
666	Nubi	FOURTEEN	2451	tʃukʃi			fourteen	num.
667	Nubi			tʃuŋwa			smaller	num.
668	Nubi			tʃuŋʃo			smallest	adj.
669	Nubi	ELEVEN	1706	tʃutʃik			eleven	num.
670	Nubi	TWELVE	1707	tʃuɲi			twelve	num.
671	Nubi	SIXTEEN	2454	tʃuʈuk			sixteen	num.
672	Nubi			tʃupa			tenth	num.
673	Nubi	EIGHTEEN	1713	tʃupke			eighteen	num.
674	Nubi	SEVENTEEN	2453	tʃupdʏn			seventeen	num.
675	Nubi	THIRTEEN	1708	tʃupsum			thirteen	num.
676	Nubi	FOURTEEN	2451	tʃupʃi			fourteen	num.
677	Nubi	NINETEEN	1714	tʃurku			nineteen	num.
678	Nubi			tʃʏden			blanket or shawl woven mainly for children to sleep, or for them tocarry, or to keep them warm	n.
679	Nubi			tʃø			correction	n.
680	Nubi			tʃø			to examine	v.
681	Nubi			tʃøtʃø			heavy [Lho, cf. tʃamda]	adj.
682	Nubi	FIFTEEN	1709	tʃweŋa			fifteen	num.
683	Nubi			tʃha			to settle	v.
684	Nubi	BECOME	1990	tʃha			to become	v.
685	Nubi			tʃhak			to break (intr.)	v.
686	Nubi	FODDER	3046	tʃhak			fodder	n.
687	Nubi	SIDE	682	tʃhak			side	n.
688	Nubi			tʃhak			action of bowing down	n.
689	Nubi			tʃhak			to break (tran.)	v.
690	Nubi			tʃhak			hand (Hon.)	n.
691	Nubi			tʃhak			Cha (name of a place)	n.
692	Nubi	WORSHIP	257	tʃhaktʃhopara			worship	n.
693	Nubi			tʃhakrap			civilized	adj.
694	Nubi	SIDE	682	tʃhakla			side	adv.
695	Nubi			tʃhãkhi			three-legged iron stand in oven	n.
696	Nubi			tʃhaŋ			brewd liquor	n.
697	Nubi			tʃhaŋ lu			song sung during drink (liquor)	n.
698	Nubi			tʃhatsaŋ			all (Tib.)	adj.
699	Nubi			tʃhadaŋ			name of a place	n.
700	Nubi			tʃhap			water (Hon.)	n.
701	Nubi			tʃhapteli 			together (Lho, ɲumbu]	post.
702	Nubi	TOGETHER	2482	tʃhamthale			together	n.
703	Nubi			tʃharsi			plan	n.
704	Nubi	TOGETHER	2482	tʃhala			together	adv.
705	Nubi			tʃhewaŋ			life empower ceremony	n.
706	Nubi	URINE	1142	tʃhi			urine	n.
707	Nubi	PISS	592	tʃhi taŋ			to urinate	v.
708	Nubi			tʃhikja			abroad	n.
709	Nubi			tʃho			saliva; spit	n.
710	Nubi			tʃhoeɖen			Choeden (name of a female person)	n.
711	Nubi			tʃhoikel			Choekel (name of a male person)	n.
712	Nubi	JUMP	1829	tʃhoŋ			to jump	v.
713	Nubi	WATER	948	tʃhu			water	n.
714	Nubi			tʃhu luŋba			water-channel	n.
715	Nubi	DEW	1977	tʃhu silpa			dew	n.
716	Nubi	TIME	892	tʃhutse			time	n.
717	Nubi	SEVENTEEN	2453	tʃhupdʏn			seventeen	num.
718	Nubi	FROM	693	tʃhula			from	post.
719	Nubi	WORSHIP	257	tʃhø			worship	n.
720	Nubi	BOOK	963	tʃhø			book	n.
721	Nubi	EAT	1336	tʃhø			to eat	v.
722	Nubi			tʃhøkaŋ			worship room	n.
723	Nubi			tʃhøkaŋ gompa			Choekang gompa (in Tsum)	n.
724	Nubi	CLOCK	1323	tʃhøtse			clock	n.
725	Nubi			tʃhøtswe			time; watch	n.
726	Nubi	CHANGE	1264	tʃhøɖal			alter	n.
727	Nubi			tʃhønɖal			worship things	n.
728	Nubi			tʃhøpa			religious offering	n.
729	Nubi	GUESS	1932	tʃhøpa			guess	n.
730	Nubi			tʃhøme			lamp for god	n.
731	Nubi	RELIGION	661	tʃhølu			religion	n.
732	Nubi	CLIMB	1102	dza			to climb	v.
733	Nubi			dzaŋ			to send; to keep	v.
734	Nubi	WORLD	965	dzaŋboliŋ			earth	n.
735	Nubi			dzar			to bowl to offer water	v.
736	Nubi			dzar			to use medicine wound; to use ice to cool down the feeling of burning	v.
737	Nubi	DROP	750	dzar			to drop	v.
738	Nubi	FALL	1280	dzar			to fall	v.
739	Nubi	FALL	1280	dzar			to fall	v.
740	Nubi			dzaroŋ			place covered with stones	n.
741	Nubi			dzartsuk			to make fall	v.
742	Nubi			dzawa			to think something worthless	v.
743	Nubi	DO	813	dze			to do	v.
744	Nubi			dze			leprosy	n.
745	Nubi	BECOME	1990	dze			to become	v.
746	Nubi			dzea			cow dung	n.
747	Nubi	LATE	477	dzema			later	adv.
748	Nubi	LATE	477	dzela			later	adv.
749	Nubi	LATE	477	dzela			later	adv.
750	Nubi	VAGINA	1836	dzeli			vagina	n.
751	Nubi			dzĩ			particle (you know?)	part.
752	Nubi	KNEAD	274	dzi			to knead	v.
753	Nubi			dzia			either	conj.
754	Nubi	NECK	1333	dziŋba			neck	n.
755	Nubi	BECAUSE	1157	dzine			because	conj.
756	Nubi			dzindak			sponser	n.
757	Nubi			dzinlap			blessing	n.
758	Nubi			dzinlap			gratitude; blessing	n.
759	Nubi			dzipura			around	adv.
760	Nubi			dzimba			not ripe	adj.
761	Nubi	FINISH	1766	dzo			to finish	v.
762	Nubi	NOW	1376	dzoko			now	adv.
763	Nubi	IMMEDIATELY	1963	dzokotali			immediately	adv.
764	Nubi	FIND	719	dzor			to find	v.
765	Nubi			dzu			udder; breast	n.
766	Nubi	FINGER	1303	dzuku			finger	n.
767	Nubi	JUST	84	dzuku tali			just now	adv.
768	Nubi			-dzuŋ			past tense marker	gram.
769	Nubi			dzuŋwa			natural	adj.
770	Nubi	FALSE	3069	dzun			false	adj.
771	Nubi			dzungarpe			person who tell lies	n.
772	Nubi			dzunse			to tell a lie	v.
773	Nubi			dzupu			store room	n.
774	Nubi	NAKED	590	dzurma			naked	adj.
775	Nubi			dzø			approximately	adj.
776	Nubi			dzøn			to be able	v.
777	Nubi			dʒa			Tibetan tea	n.
778	Nubi	TEA	1373	dʒa			tea	n.
779	Nubi	ROOSTER	1511	dʒau			rooster	n.
780	Nubi	LEARN	504	dʒaŋ			to learn	n.
781	Nubi	NORTH	1598	dʒaŋ			north	adj.
782	Nubi	GREEN	1425	dʒaŋkhu			green	adj.
783	Nubi	GREEN	1425	dʒaŋgu			green	adj.
784	Nubi	SCISSORS	1328	dʒaptse			scissors	n.
785	Nubi			dʒaptse			to be torn	v.
786	Nubi	SOFT	1856	dʒampo			soft	adj.
787	Nubi			dʒambal			Jyambal (name of a male person)	n.
788	Nubi			dʒar			to attach	v.
789	Nubi	GET	694	dʒar			to get	v.
790	Nubi			dʒar			to connect	v.
791	Nubi	EAGLE	1905	dʒarko			eagle	n.
792	Nubi			dʒal			to meet (Hon.)	v.
793	Nubi			dʒalka			to take audience of lama	v.
794	Nubi	NEST	539	dʒasaŋ			nest	n.
795	Nubi			dʒeptak 			all [Lho, cf. tʃapta]	adj.
796	Nubi	FEAR (BE AFRAID)	1419	dʒi			to be afraid	v.
797	Nubi			dʒi			to make afraid	v.
798	Nubi	COWARD	1319	dʒisuk garpa			coward	adj.
799	Nubi	HEN	1514	dʒõ			hen	n.
800	Nubi	SWEEP	230	dʒo			to sweep	v.
801	Nubi	HEN	1514	dʒoŋ			hen	n.
802	Nubi			dʒolmo			a kind of bird	n.
803	Nubi	GET	694	dʒuŋ			to get	v.
804	Nubi			dʒupa			slim; thin	adj.
805	Nubi	TOGETHER	2482	dʒur			together	post.
806	Nubi	GATHER	7	dʒur			to gather	v.
807	Nubi			ɲa			above [Lho]	adv.
808	Nubi	FISH	227	ɲa			fish	n.
809	Nubi	ABOVE	1741	ɲa			above	adv.
810	Nubi			ɲak			Ngyakphedi (a place in Sirdibas)	n.
811	Nubi			ɲakɖepa			person who eats much	n.
812	Nubi			ɲaklaŋ			back and shoulder (body part)	n.
813	Nubi			ɲaŋ			to get hardship (suffering)	v.
814	Nubi			ɲabri			calf (leg)	n.
815	Nubi			ɲama			above [Lho]	adv.
816	Nubi			ɲama			from above [Lho]	adv.
817	Nubi			ɲamdzuŋ			simple; straightforward	adj.
818	Nubi			ɲamɲum			experience	n.
819	Nubi			ɲamdo			together [Tib]	post.
820	Nubi	TOGETHER	2482	ɲambu ɲambu			together	post.
821	Nubi	SLEEP	1585	ɲal			to sleep	v.
822	Nubi	ABOVE	1741	ɲala			above	adv.
823	Nubi			ɲalu			bastard child	n.
824	Nubi			ɲaltsuk			to make one sleep	v.
825	Nubi			ɲalʈhi			cot	n.
826	Nubi			ɲaltaŋ			persons born in the same year	n.
827	Nubi			ɲaldaŋ			person born in the same year	n.
828	Nubi			ɲalʃiŋ			cane splinters	n.
829	Nubi	HELL	878	ɲawa			hell	n.
830	Nubi	YOKE	14	ɲaʃiŋ			yoke	n.
831	Nubi	QUILT	2048	ɲeko			quilt	n.
832	Nubi			ɲen			ear (Hon.)	n.
833	Nubi			ɲenpur			abscess	n.
834	Nubi	PILLOW	1044	ɲelko			pillow	n.
835	Nubi	BEAT	1665	ɲé			to beat	v.
836	Nubi	TWO	1498	ɲi			two	num.
837	Nubi	SLEEP	1585	ɲi			sleep	n.
838	Nubi			ɲi ʈø			to get sleep; to feel asleep	v.
839	Nubi			ɲikar			both	num.
840	Nubi	HEART	1223	ɲiŋ			heart	n.
841	Nubi	AFTERNOON	1807	ɲiŋkuŋ			afternoon	adv.
842	Nubi	OLD	1229	ɲiŋba			old	adj.
843	Nubi			ɲitʃé			to wake up (intr., tran.)	v.
844	Nubi	DAY (NOT NIGHT)	1225	ɲin			day	n.
845	Nubi	DAY (NOT NIGHT)	1225	ɲima			day	n.
846	Nubi	BEFORE	1882	ɲima			before	adv.
847	Nubi	AFTERNOON	1807	ɲimu			afternoon	n.
848	Nubi	WITH	1340	ɲimbu			with	post.
849	Nubi			ɲimbu			along	adv.
850	Nubi	WE	1212	ɲija			we	pron.
851	Nubi	WE	1212	ɲiraŋ			we	pron.
852	Nubi			ɲisor			to fall in light sleep as one rests	v.
853	Nubi	TWENTY	1710	ɲiʃu			twenty	num.
854	Nubi	TWENTY FIVE	1738	ɲiʃutsaŋá			twenty five	num.
855	Nubi			ɲiʃutsaɲi			twenty two	num.
856	Nubi			ɲiʃutsaʈuk			twenty six	num.
857	Nubi			ɲiʃutsapge			twenty eight	num.
858	Nubi			ɲiʃutsapgu			twenty nine	num.
859	Nubi			ɲiʃutsapdʏn			twenty seven	num.
860	Nubi	TWENTY FOUR	1736	ɲiʃutsapʃi			twenty four	num.
861	Nubi	TWENTY ONE	1734	ɲiʃutsutsik			twenty one	num.
862	Nubi			ɲonup			to set sun	v.
863	Nubi			ɲoma			small in quantity	adj.
864	Nubi	BEFORE	1882	ɲola			before	adv.
865	Nubi	SUNRISE	2296	ɲoʃar			sunrise	n.
866	Nubi			ɲuŋ			experience	n.
867	Nubi			ɲuŋ			to experience	v.
868	Nubi			ɲuŋma			a kind of small bamboo	n.
869	Nubi			ɲuŋʃo			least	adj.
870	Nubi	WITH	1340	ɲumu			with	post.
871	Nubi			ɲumpu			with [Sama, cf. mula]	post.
872	Nubi			ɲumbu 			together [Sama, cf. tʃhapteli]	post.
873	Nubi	BUY	1869	ɲø			to buy	v.
874	Nubi			ɲødiki			Nyodiki (girl's name)	n.
875	Nubi	MONEY	1559	ʈã			money	n.
876	Nubi	LIKE	1117	ʈa			like	adj.
877	Nubi	PLASTIC	654	ʈakʃok			plastic	n.
878	Nubi	MONEY	1559	ʈaŋa			money	n.
879	Nubi			ʈaŋga			money [Lho]	n.
880	Nubi	TENT	1316	ʈapliŋ			tent	n.
881	Nubi			ʈam			to distribute	v.
882	Nubi			ʈasi			Tasi (name of a male person)	n.
883	Nubi			ʈasidele			greeting word	n.
884	Nubi			ʈeʈe 			small [Sama, cf. tʃema]	adj.
885	Nubi			ʈeba			staircase (made of wood)	n.
886	Nubi			ʈewa			staircase [Lho, cf. rewa)	n.
887	Nubi			ʈi			milk-cream	n.
888	Nubi	TIGHT	3053	ʈiŋɖiŋ			tight	adj.
889	Nubi			ʈibhi			television [Eng.]	n.
890	Nubi			ʈimomo			dumpling bread	n.
891	Nubi			ʈoileʈ			toilet (Eng.)	n.
892	Nubi			ʈok			Prok village	n.
893	Nubi			ʈol			to make loose	v.
894	Nubi			ʈu			to mix	v.
895	Nubi			ʈu			to dissolve (intr.)	v.
896	Nubi			ʈu			to shake (intr.)	v.
897	Nubi	FINISH	1766	ʈup			to finish	v.
898	Nubi			ʈulku			reincarnation; reincarnated lama	n.
899	Nubi	MAGIC	392	ʈulba			magic	n.
900	Nubi	WASH	1453	ʈʏ			to wash	v.
901	Nubi			ʈha			to snatch	v.
902	Nubi	VULTURE	1185	ʈha			vulture	n.
903	Nubi	SHINE	708	ʈha lem lem			to shine	v.
904	Nubi	STRONG	785	ʈhakpo			strong	adj.
905	Nubi			ʈhaŋa			garland woven with small beads used for counting hymn; rosary beads	n.
906	Nubi			ʈhathiŋ			completely	adj.
907	Nubi	WEAVE	133	ʈhada			to weave	v.
908	Nubi			ʈhi			to drag	v.
909	Nubi			ʈhi			cot	n.
910	Nubi	PULL	1455	ʈhik			to pull	v.
911	Nubi	BUTTON	757	ʈhiptsi			button	n.
912	Nubi			ʈhim			law; rule	n.
913	Nubi	COURT	1068	ʈhimkaŋ			court	n.
914	Nubi			ʈhimpa			lawyer	n.
915	Nubi			ʈho			to snatch; to grab	v.
916	Nubi	QUARREL	1848	ʈhokpa			quarrel	n.
917	Nubi			ʈhu			length covered from the ankle to the tip of middle finger (atradtional measure term)	n.
918	Nubi	THING	738	ʈhuk			thing	n.
919	Nubi			ʈhuk			to disagree	v.
920	Nubi			ʈhuŋ			to be born (Hon.)	v.
921	Nubi			ʈhuŋ hjul			birth place	n.
922	Nubi			ʈhutor putor			disarray (not in sequence)	adj.
923	Nubi	MAGIC	392	ʈhul			magic	n.
924	Nubi	ENEMY	1358	ɖa			enemy	n.
925	Nubi			ɖa			like; resembling	adj.
926	Nubi			ɖakar			Dhakar (a place in Kyirong, Tibet)	n.
927	Nubi			ɖaktshaŋ			a lama	n.
928	Nubi			ɖaŋ			to count rosary beads; to recite mantras	v.
929	Nubi	CHEST	1592	ɖaŋkok			chest	n.
930	Nubi			ɖaŋtsø			pant like dressing of lama 	n.
931	Nubi			ɖaŋbo			honest; simple; gullible	adj.
932	Nubi	STRAIGHT	1404	ɖaŋbo			straight	adj.
933	Nubi	FLY (MOVE THROUGH AIR)	1441	ɖaŋma			fly	n.
934	Nubi	COLD	1287	ɖaŋmu			cold	adj.
935	Nubi	GOOD	1035	ɖadʒaro			better	adj.
936	Nubi	SAME	200	ɖana			same	adj.
937	Nubi			ɖana			like; resembling	adj.
938	Nubi			ɖanara			like; resembling	adj.
939	Nubi			ɖanɖa 			like that [Lho, tʃotʃo]	adj.
940	Nubi	EQUAL	1570	ɖanɖamanɖa			equal	adj.
941	Nubi			ɖap			plank used on the floor	n.
942	Nubi			ɖapa			lama	n.
943	Nubi	NEAR	1942	ɖam			near	adv.
944	Nubi	FORGET	1523	ɖama dze			to forget	v.
945	Nubi			ɖame			unconscious	adj.
946	Nubi			ɖamtʃa			to slap on cheek	v.
947	Nubi	CHEEK	1730	ɖampa			cheek	n.
948	Nubi	CHEEK	1730	ɖampa			cheek	n.
949	Nubi			ɖampa			remembering	n.
950	Nubi	NEAR	1942	ɖamla			near	adv.
951	Nubi			ɖamsi			base; foundation	n.
952	Nubi			ɖalu			song sung sitting (standing) in line	n.
953	Nubi			ɖawa			monk	n.
954	Nubi			ɖasaŋ			lama living in group	n.
955	Nubi	RICE	926	ɖe			rice	n.
956	Nubi			ɖe			trim yak's hair	n.
957	Nubi			ɖenɖe			like this	adj.
958	Nubi	HURRY	754	ɖela			hurry	n.
959	Nubi			ɖewa			relation	n.
960	Nubi			ɖese			description	n.
961	Nubi			ɖi			knife [Lho, cf. ɖuku]	n.
962	Nubi	ASK (INQUIRE)	1309	ɖi			to ask	v.
963	Nubi	WRITE	1672	ɖi			to write	v.
964	Nubi			ɖik			right; true	adj.
965	Nubi			ɖima			smelling bad	n.
966	Nubi			ɖilpu			small musical instrument	n.
967	Nubi	GO	695	ɖo			to go	v.
968	Nubi	WHEAT	1077	ɖo			wheat	n.
969	Nubi			ɖo lama lumi			lukewarm	adj.
970	Nubi			ɖo lu			song which is sung while danching	n.
971	Nubi	MORNING	1339	ɖokoŋ			morning	n.
972	Nubi			ɖokpo			religiously bonded friend	n.
973	Nubi			ɖoŋ			to die (Hon.)	v.
974	Nubi			ɖoŋ			to die (Hon.)	v.
975	Nubi	FAMILY	194	ɖoŋpa			family	n.
976	Nubi			ɖoŋmo			morning and afternoon	n.
977	Nubi			ɖoŋsip			cluster of houses	n.
978	Nubi			ɖotaŋ			way of doing	n.
979	Nubi			ɖotaŋɖenta			on behalf of	post.
980	Nubi	KNOT	760	ɖotok			knot	n.
981	Nubi			ɖopa			belley	n.
982	Nubi			ɖopa ɖaŋ			to be full (stomach being full of food)	v.
983	Nubi			ɖopo			religious bonded friend (male)	n.
984	Nubi			ɖolu			song sung standing	n.
985	Nubi			ɖosoŋ			investment	n.
986	Nubi	HAPPEN	248	ɖohoŋ			to happen	v.
987	Nubi			ɖu			to collect	v.
988	Nubi	GRAIN	605	ɖu			grain	n.
989	Nubi			ɖu			to collect; to gather	v.
990	Nubi	SIX	1703	ɖuk			six	num.
991	Nubi	SIX	1703	ɖuk			six	num.
992	Nubi			ɖuku			knife [Sama, cf. ɖi]	n.
993	Nubi	SIXTY	1718	ɖuktʃu			sixty	n.
994	Nubi			ɖuktʃurapke			sixty nine	num.
995	Nubi			ɖuktʃurapge			sixty eight	num.
996	Nubi			ɖukpa			sixth	num.
997	Nubi			ɖukpa			Bhutnese	n.
998	Nubi	MORNING	1339	ɖuŋo			morning	adv.
999	Nubi			ɖup			to complete	v.
1000	Nubi			ɖumtse			a kind of worship done at gompa; a festival in Prok	n.
1001	Nubi			ɖumtsi			Tibetan carpet	n.
1002	Nubi	SNAKE	730	ɖul			snake	n.
1003	Nubi			ɖø			to run away	v.
1004	Nubi			ɖøtsuk			to make run away	v.
1005	Nubi			ɖømauʈen			Domaudhen (name of a person)	n.
1006	Nubi	WHEAT	1077	ɖjã			wheat	n.
1007	Nubi	SMELL (STINK)	1587	ɖwa			smell bad	v.
1008	Nubi			ta			particle (as for)	part.
1009	Nubi			ta			to look at	v.
1010	Nubi	GRIND	1033	ta:			to grind	v.
1011	Nubi	WEAVE	133	ta:			to weave	v.
1012	Nubi			ta silpa			hair of horse's head	n.
1013	Nubi	FLOW	2003	tak			to flow	v.
1014	Nubi			takor			to examine	v.
1015	Nubi			takpa			permanent	adj.
1016	Nubi	BACK OF HEAD	523	taksa			back of head	n.
1017	Nubi	DO	813	taŋ			to do	v.
1018	Nubi			taŋ			to be released	v.
1019	Nubi			taŋtaŋ			way (of thinking)	n.
1020	Nubi	LEAVE	1752	taŋʃàk			to leave	v.
1021	Nubi	MULE	890	taɖe			mule	n.
1022	Nubi			taɖum			carpet fixed on the back of the horse (as a part of seat)	n.
1023	Nubi	PLANT (VEGETATION)	653	tap			plant	n.
1024	Nubi	PLANT (SOMETHING)	1486	tap			to plant	v.
1025	Nubi	PAN	31	tapkja			pan	n.
1026	Nubi			tam			talk [Lho, Sama, cf. ketsa]	n.
1027	Nubi	STORY	2060	tampe			story	n.
1028	Nubi	AXE	677	tari			axe	n.
1029	Nubi			tale			particle used to give emphasis (only)	part.
1030	Nubi			tale			without being serious	adj.
1031	Nubi			taldaŋ			dung of horse	n.
1032	Nubi	HORSE	615	tá			horse	n.
1033	Nubi			te			to see; to look	v.
1034	Nubi	GIVE	1447	te			to give	v.
1035	Nubi			tea			naval	n.
1036	Nubi			teka			frame of seat fixed on the back of the horse	n.
1037	Nubi			tega			seat of horse	n.
1038	Nubi			ten			take out	v.
1039	Nubi	WEAVE	133	ten ta			to weave	v.
1040	Nubi			tenten			really	adv.
1041	Nubi	CERTAIN	509	tenten			certainly	adv.
1042	Nubi			temo			cow [Sama, cf. balaŋ]	n.
1043	Nubi			tempo			simple; straightforward	adj.
1044	Nubi			tempo			stable; not moving	adj.
1045	Nubi			tempo			secure	adj.
1046	Nubi			tɛtɛ			small [Sama]	adj.
1047	Nubi			ti			to harvest	v.
1048	Nubi			tigi			baby horse; young horse	n.
1049	Nubi	BELL	2246	tiŋ			bell	n.
1050	Nubi	DEEP	1593	tiŋ rimbu			deep	adj.
1051	Nubi			tiŋma			later [Sama]	adv.
1052	Nubi	AFTER	1685	tiŋma			after	adv.
1053	Nubi	NEXT YEAR	515	tiŋma			next year	adv.
1054	Nubi			tiŋla 			later [Sama, cf. ʃam]	adv.
1055	Nubi			tip			to be buried	v.
1056	Nubi	BEHIND	1686	tíŋma			behind	adv.
1057	Nubi	EARLY	672	tok			early	adv.
1058	Nubi			toko			calf (of cow)	n.
1059	Nubi	SPADE	1176	toktse			spade	n.
1060	Nubi	THOUSAND	1843	toŋ			thousand	n.
1061	Nubi			toŋku			rhododendron	n.
1062	Nubi	EMPTY	1624	toŋba			empty	adj.
1063	Nubi			totse			jacket (traditional)	n.
1064	Nubi	SHIRT	1622	totuŋ			shirt	n.
1065	Nubi			topna			much [Lho, cf. aŋsaŋ]	adj.
1066	Nubi			tomnak			much more	adj.
1067	Nubi			tor			to be lost; to lose	v.
1068	Nubi	SOW SEEDS	748	tor			to sow	v.
1069	Nubi			torma			conical cakes made from tsampa that are placed on an alter	n.
1070	Nubi	COW	1007	tolmo			cow	n.
1071	Nubi	HUNGER	1864	towa			hunger	n.
1072	Nubi			tuŋa			shorter	adj.
1073	Nubi	CUT	1432	tup			to cut	v.
1074	Nubi	COVER	761	tum			to cover	v.
1075	Nubi	IN FRONT OF	1883	tø			in front of	post.
1076	Nubi			tøn			to make one come out	v.
1077	Nubi	SHOW	1039	tøn			to show	v.
1078	Nubi			tøntok			crop	n.
1079	Nubi			tøma 			short [Lho, cf. tjãtjã]	adj.
1080	Nubi	ABOVE	1741	tjaŋ			above	adv.
1081	Nubi			tjãtjã 			short [Sama, cf. tøma]	adj.
1082	Nubi	ABOVE	1741	twe			above	adv.
1083	Nubi	ABOVE	1741	twela			above	adv.
1084	Nubi	DO	813	táŋ			to do	v.
1085	Nubi	EDGE	863	thã			edge	n.
1086	Nubi	FAR	1406	thak riŋbu			far	adv.
1087	Nubi			thakor			around (surroundeding)	adv.
1088	Nubi	ROPE	1218	thakpa			rope	n.
1089	Nubi	HARD	1884	thakpo			hard	adj.
1090	Nubi	FLAT	1633	thaŋ			flat	adj.
1091	Nubi			thaŋga			flat land	n.
1092	Nubi			thaŋpo			strong, healthy	adj.
1093	Nubi	FINE (PENALTY)	218	thaŋpo			fine	adj.
1094	Nubi			thaŋlo			how much fine	adj.
1095	Nubi	PINE	1740	thaŋʃiŋ			pine tree	n.
1096	Nubi			thap			oven, hearth	n.
1097	Nubi			thaptʃa			not permanently, only for temporary purpose	adj.
1098	Nubi			thama			finally [Tib.]	adv.
1099	Nubi	ALL	98	thamdze			all	adj.
1100	Nubi			thampani			that much	adj.
1101	Nubi			tharakthorok			scattered here and there	adj.
1102	Nubi			tharke			irregular	adj.
1103	Nubi	CORNER	192	thãla			corner	n.
1104	Nubi	SIDE	682	thala			side	n.
1105	Nubi	DUST	2	thala			dust	n.
1106	Nubi	PLATE	480	thaliŋ			plate	n.
1107	Nubi	PLATE	480	thaliŋ			plate	n.
1108	Nubi			thaldʒa			clapping because of surprise	n.
1109	Nubi			thalmo			putting hands together	n.
1110	Nubi	STRAIGHT	1404	thekaŋ			straight	adj.
1111	Nubi			then			to come out	v.
1112	Nubi	THUMB	1781	thepu			thumb	n.
1113	Nubi			thempa			staircase made of stone	n.
1114	Nubi	LADDER	1464	themba			ladder	n.
1115	Nubi			thik			line (made in paper, or wall)	n.
1116	Nubi	LITTLE FINGER	2774	thik tsima			little finger	n.
1117	Nubi			thikle			dirt collected around vagina or penis	n.
1118	Nubi			thim			submerge	v.
1119	Nubi	WET	1726	thim			to be wet	v.
1120	Nubi			tho			calender	n.
1121	Nubi			tho			to hear [Sama, cf. go]	v.
1122	Nubi	ROOF	769	thok			roof	adj.
1123	Nubi			thok			about	post.
1124	Nubi	ABOVE	1741	thoka			above	adv.
1125	Nubi			thoktse			storey	n.
1126	Nubi	FROM	693	thokni			from	post.
1127	Nubi	QUARREL	1848	thokpa			quarrel	n.
1128	Nubi			thokpa taŋ			to quarrel	v.
1129	Nubi	SEE	1409	thoŋ			to see	v.
1130	Nubi	PLOUGH	1921	thoŋba			plough	n.
1131	Nubi	WIN	866	thop			to win	v.
1132	Nubi	FOREHEAD	123	thopa			forehead	n.
1133	Nubi			thoptaŋ			rights	n.
1134	Nubi			thor			to be separated	v.
1135	Nubi	DAWN	729	thoraŋ			day break	n.
1136	Nubi			thoʃor tshembo			mischivious 	adj.
1137	Nubi			thuk			till, until	post.
1138	Nubi	MEET	1831	thuk			to meet	v.
1139	Nubi			thuktshetshe			thank you (Tib.)	n.
1140	Nubi	NOODLE	973	thukpa			noodle	n.
1141	Nubi	THICK	1244	thukpu			thick	adj.
1142	Nubi	DRINK	1401	thuŋ			to drink	v.
1143	Nubi			thuŋthuŋ			short [Tib]	adj.
1144	Nubi			thuŋsa			pot for drinking	n.
1145	Nubi			thup			to be able	v.
1146	Nubi			thur			iron materials fixed on horse's mouth (to control it)	n.
1147	Nubi			thʏn			to agree, to match	v.
1148	Nubi			thøn			to appear; to come out	v.
1149	Nubi			da			now, then	adv.
1150	Nubi			da			particle (as for)	part.
1151	Nubi	NOW	1376	da			now	adv.
1152	Nubi	LICK	319	da			to lick	v.
1153	Nubi	AND	1577	daŋ			and	conj.
1154	Nubi	YESTERDAY	1174	daŋ			yesterday	adv.
1155	Nubi	DAY BEFORE YESTERDAY	1180	daŋkanu			day before yesterday	adv.
1156	Nubi			daŋbo			long back	adv.
1157	Nubi	FIRST	728	daŋbo			first	num.
1158	Nubi			daŋbo daŋbo			long long ago	adv.
1159	Nubi			daŋʃa			three days back	adv.
1160	Nubi	ORPHAN	1149	daʈuk			orphan	n.
1161	Nubi	NOW	1376	dana			now	adv.
1162	Nubi			danu			recently	adv.
1163	Nubi	NOW	1376	danda			now	adv.
1164	Nubi			dando			till now	adv.
1165	Nubi			dap			to hit with some loud noise	v.
1166	Nubi	MEASURE	1506	dap			to measure	v.
1167	Nubi			dapso			as for now	adv.
1168	Nubi			dampa			a lama with higher position	n.
1169	Nubi	MUD	640	dampa			mud	n.
1170	Nubi			dar			to tremble; to shiver	adv.
1171	Nubi			dar			to sharpen (knife)	v.
1172	Nubi			dar			to cleanse	v.
1173	Nubi	MORE	1992	daroŋ			more	adv.
1174	Nubi			daru			small drum like musical instrument	n.
1175	Nubi	HERE	136	dala			here	adv.
1176	Nubi	HERE	136	dala			here	adv.
1177	Nubi			dalo			this time; this season	n.
1178	Nubi	THIS YEAR	513	dalo			this year	adv.
1179	Nubi	MONTH	1370	dawa			month	n.
1180	Nubi			dawadortse			DhawaDorche (name of a person)	n.
1181	Nubi			dẽ			and then	adv.
1182	Nubi	NOW	1376	dẽ			now	adv.
1183	Nubi			de			particle (isn't it so?)	part.
1184	Nubi	SIT	1416	de			to sit	v.
1185	Nubi	ALL	98	deŋa			all	adj.
1186	Nubi			detsen			Dechen (name of a woman)	n.
1187	Nubi			detsenɖolkar			Dechen Dolkar (name of a male person)	n.
1188	Nubi			den			and then	adv.
1189	Nubi			dene			and then	adv.
1190	Nubi	TRUTH	1638	dempa			truth	n.
1191	Nubi			dela			this direction (towards here)	adv.
1192	Nubi			dehẽ			and then	adv.
1193	Nubi			di			definiteness	gram.
1194	Nubi	THIS	1214	di			this	pron.
1195	Nubi			-di 			SEQ (sequential converb)	gram.
1196	Nubi	FEMALE YAK	2479	dĩu			female yak	n.
1197	Nubi			diki			Dhiki [pn]	n.
1198	Nubi	SIN	2971	dikpa			sin	n.
1199	Nubi	IMMEDIATELY	1963	diŋam			immediately	adv.
1200	Nubi	BOTTOM	690	diŋla			bottom	n.
1201	Nubi			diŋsal			these days	adv.
1202	Nubi			ditsho			they (Tib.)	pron.
1203	Nubi			dita			as for	particle
1204	Nubi			diti			in particular	adv.
1205	Nubi			dini			and then	adv.
1206	Nubi	KEY	1472	dimik			key	n.
1207	Nubi			dija			also	adv.
1208	Nubi	TODAY	1283	diriŋ			today	adv.
1209	Nubi	HERE	136	dila			here	adv.
1210	Nubi			-dila			sequantial converb	gram.
1211	Nubi	STONE	857	do			stone	n.
1212	Nubi	HEAT	612	do			heat	n.
1213	Nubi			do			potato [Sama, cf. hé]	n.
1214	Nubi			dokdʒomkukdʒom			without having enough space	adj.
1215	Nubi			dokto			small ball of something	n.
1216	Nubi	ROUND	1395	dokdok			round	adj.
1217	Nubi	TIGHT	3053	dokpo			tight	adj.
1218	Nubi	UGLY	1548	dokja me			ugly	adj.
1219	Nubi	IN FRONT OF	1883	doŋ			in front of	adv.
1220	Nubi	PROBLEM	2425	doŋal			problem	n.
1221	Nubi			doŋkarmu			a kind of mushroom	n.
1222	Nubi			doŋpane doŋpa			face to face	adv.
1223	Nubi	TREE	906	doŋpo			tree	n.
1224	Nubi	TREE	906	doŋbo			tree	n.
1225	Nubi	IN FRONT OF	1883	doŋla			in front of	adv.
1226	Nubi	ORPHAN	1149	dotse			orphan	n.
1227	Nubi	ANIMAL	619	dondu			animal	n.
1228	Nubi	BEAR	1820	dom			bear	n.
1229	Nubi			doro			after a while	adv.
1230	Nubi			doroŋ			much more	adv.
1231	Nubi			dortse			worship things	n.
1232	Nubi			dortshe			Dorche [PN]	n.
1233	Nubi			dordze			Dorje (name of a male person)	n.
1234	Nubi			dordzegjaldzen			Dorchegyalchen (name of a person)	n.
1235	Nubi			dordzeghjaram			symbol used in Budhdhism	n.
1236	Nubi			dorma			traditional pant	n.
1237	Nubi			dolpo			Dolpo (Dolpa)	n.
1238	Nubi			dòŋma			pot for making Tibetan tea	n.
1239	Nubi			duitsen			great	adj.
1240	Nubi			duk			be verb; copular verb	v.
1241	Nubi			duk			to be worried	v.
1242	Nubi	POISON	655	duk			poison	n.
1243	Nubi	BAD	1292	duka			bad	adj.
1244	Nubi	BAD	1292	duktʃa			bad	adj.
1245	Nubi			dukpu			hardship; suffering	n.
1246	Nubi	WORRY	150	dukra			worry	n.
1247	Nubi			duklo			clothes (Tib.)	n.
1248	Nubi	CLOTHES	1895	duklok			clothes	n.
1249	Nubi			duŋal			trouble	n.
1250	Nubi			duŋma			wood (a kind of )	n.
1251	Nubi			duŋre			thread used in butter lamp	n.
1252	Nubi	LATE	477	dure			later	adv.
1253	Nubi			duru			this side [Sama]	adv.
1254	Nubi			dʏ			to collect	v.
1255	Nubi	TIME	892	dʏ			time	n.
1256	Nubi	TIME	892	dʏtse			time	n.
1257	Nubi	SEVEN	1704	dʏn			seven	num.
1258	Nubi	SEVENTY	1721	dʏntʃu			seventy	num.
1259	Nubi			dʏntʃudungu			seventy nine	num.
1260	Nubi			dʏndzar			offering to god	n.
1261	Nubi			dʏnpa			seventh	num.
1262	Nubi			døre			later [Lho, cf. tiŋla]	adv.
1263	Nubi	HERE	136	dja			here	adv.
1264	Nubi	HERE	136	djala			here	adv.
1265	Nubi			na			also	adv.
1266	Nubi			na			daughter in law; elder brother's wife	n.
1267	Nubi	OR	1014	na			or	conj.
1268	Nubi	BRIDGE	1011	na			bridge	n.
1269	Nubi	MARRIAGE	2432	na			marriage	n.
1270	Nubi			-na			conditional mood	gram.
1271	Nubi			-na			conditional mood	gram.
1272	Nubi	SWEAR	1939	na kjal			to swear	v.
1273	Nubi	PUS	1808	nak			pus	n.
1274	Nubi	DARK	706	nakpo			dark	adj.
1275	Nubi	INSIDE	1606	naŋ			inside	adv.
1276	Nubi	DAY AFTER TOMORROW	1179	naŋ			day after tomorrow	adv.
1277	Nubi			naŋkjaŋ			early morming	adv.
1278	Nubi	INTESTINES	1991	naŋtsi			intestine	n.
1279	Nubi			naŋpa			Buddhist	n.
1280	Nubi			naŋma			towards the middle	adv.
1281	Nubi			naŋmi			family member	n.
1282	Nubi	INSIDE	1606	naŋla			inside	adv.
1283	Nubi			naŋsar			Nangsar (a place in Tibet)	n.
1284	Nubi	YOUNG	1207	natsa sembo			young	n.
1285	Nubi			natʃuŋ			young girl, maiden	n.
1286	Nubi			nadʏ			saying	n.
1287	Nubi	LAST YEAR	514	naniŋ			last year	adv.
1288	Nubi	LAST YEAR	514	naniŋ			last year	adv.
1289	Nubi			nanibu			a kind of worm that sucks animals, particularly from nose	n.
1290	Nubi			nanɖuk			mucuous	n.
1291	Nubi	SICK	1847	napa			sick	adj.
1292	Nubi	RAIN (RAINING)	1253	nam			rain	n.
1293	Nubi	WHEN	1238	nam			when	adv.
1294	Nubi			nam			daybreak	n.
1295	Nubi	RAIN (RAINING)	1253	nam gjap			to rain	v.
1296	Nubi			namɖuk			mucous	n.
1297	Nubi			namɖul			aeroplane	n.
1298	Nubi			namdar			personal biography of (mainly of lama); story (historical)	n.
1299	Nubi			namba			plural marker	gram.
1300	Nubi			namruŋ			Namrung [Place name]	n.
1301	Nubi			namla			Namla (name of a place)	n.
1302	Nubi			namla			Namla [PN]	n.
1303	Nubi			namlaŋ			to fall daybreak	v.
1304	Nubi			namsa			clothes (hon.)	n.
1305	Nubi			namʃe			consciousness	n.
1306	Nubi	ALWAYS	1676	namhina			always	adv.
1307	Nubi			najo			raised part inside vagina	n.
1308	Nubi			nar			scolding	n.
1309	Nubi			narpa			man from Nar	n.
1310	Nubi	MARRIAGE	2432	nalaŋ			marriage	n.
1311	Nubi			nawa			concern	n.
1312	Nubi	EARWAX	32	nawa			earwax	n.
1313	Nubi			naʃon			youth	n.
1314	Nubi			náŋ			to give (Hon.)	v.
1315	Nubi	HOUSE	1252	nàŋ			house	n.
1316	Nubi	DAY AFTER TOMORROW	1179	náŋ			day after tomorrow	adv.
1317	Nubi	RAIN (RAINING)	1253	nám			rain	n.
1318	Nubi			ne			to say [Sama]	v.
1319	Nubi			-ne			ablative case	gram.
1320	Nubi			nei			young yak	n.
1321	Nubi			neu			tip, edge	n.
1322	Nubi	NEWS	2964	netshul			news	n.
1323	Nubi	STORY	2060	nedʏ			story	n.
1324	Nubi			nepal			Nepal	n.
1325	Nubi			nepali			Nepali (Nep.)	n.
1326	Nubi	PRESS	1913	nem			to press	v.
1327	Nubi			neʃimu			a kind of mushroom	n.
1328	Nubi	WHEAT	1077	nè			wheat	n.
1329	Nubi	BARLEY	932	nè			barley	n.
1330	Nubi			ni			also	adv.
1331	Nubi			-ni			ablative case	gram.
1332	Nubi			no			younger brother and daughter	n.
1333	Nubi	THOUGHT	2975	noksam			thought	n.
1334	Nubi			noŋ			to damage; to be damaged; to be spoiled	v.
1335	Nubi	MISTAKE	1293	noɖu			mistake	n.
1336	Nubi	FAULT	134	nonʈhul			fault	n.
1337	Nubi			norbu			Norbu [PN]	n.
1338	Nubi			norbugjaltsen 			NorbuGhyalchen [PN]	n.
1339	Nubi	DESTROY	681	norme			to destroy	v.
1340	Nubi			norme			effect	n.
1341	Nubi			nowa			breast [Sama. cf. dʒu]	n.
1342	Nubi	WEST	1817	nup			west	adj.
1343	Nubi			nubri			Nubri	n.
1344	Nubi	OIL (ORGANIC SUBSTANCE)	1484	num			oil	n.
1345	Nubi	SHARP	1396	numpu			sharp	adj.
1346	Nubi	BLUNT	379	numpu mindu			blunt	adj.
1347	Nubi			nurbu			Nurbu [PN]	n.
1348	Nubi			nurbugjaltsen			Norbugyalchen (name of a male person)	n.
1349	Nubi	THINK	2271	nø			to think	v.
1350	Nubi			njorere			everyday	adv.
1351	Nubi	FATHER	1217	pa			father	n.
1352	Nubi			-pa			nominalizer (a suffix used to derive noun from other categories)	gram.
1353	Nubi			pa gjap			to churn	v.
1354	Nubi			pakne			scabbies	n.
1355	Nubi			paŋke			flower of purple colour	n.
1356	Nubi			paŋkep			cloth worn by women on front part of body	n.
1357	Nubi			paŋdza			Pangja (name of a place)	n.???where located?
1358	Nubi			paŋlep			plank	n.
1359	Nubi			patshap			substitute father	n.
1360	Nubi			pap			to drive down (drive the yaks and other animals from cliff)	v.
1361	Nubi			par			photo	n.
1362	Nubi	BURNING	1428	par			to burn (intr.)	v.
1363	Nubi	BEAM	1132	pal			beam	n.
1364	Nubi			pale			roof (wooden roof)	n.
1365	Nubi	BEAM	1132	palduŋ			beam	n.
1366	Nubi			pasaŋ			Pasang (name of a person)	n.
1367	Nubi	OPEN	1156	pe			open	n.
1368	Nubi	VERY	1311	pe			very	adv.
1369	Nubi			pe			example	n.
1370	Nubi			pe			incent	n.
1371	Nubi	SEPARATE	1359	pe			to separate	v.
1372	Nubi			pe			to open (intr.tran.)	v.
1373	Nubi			petsa			book (Hon.)	n.
1374	Nubi			peptʃak			wooden fence	n.
1375	Nubi			pemasi			very (Tib.)	adv.
1376	Nubi			pemba			Saturday, name of a male person	n.
1377	Nubi			peri gompa			Peri gompa [PN]	n.
1378	Nubi	RELATIVES	1644	piŋkja			relative	n.
1379	Nubi			pima			owned by more than two people	adj.
1380	Nubi			-po			classifier	gram.
1381	Nubi			portsok			Porchok (name of a person)	n.
1382	Nubi			pola			outer layer of corn spadix	n.
1383	Nubi			pu			hair (of body)	n.
1384	Nubi			puk			to fix a tent	v.
1385	Nubi	SHOULDER	1482	puŋba			shoulder	n.
1386	Nubi	PUSH	1452	pul			push	n.
1387	Nubi			pul			to offer	v.
1388	Nubi			pʏ			to go [Lho]	v.
1389	Nubi	RELATIVES	1644	pʏn			relative	n.
1390	Nubi	PARENTS	505	phã			parents	n.
1391	Nubi			pha			that side, thither [Lho, cf. phu]	adv.
1392	Nubi	PIGLET	2564	phakʈuk			piglet	n.
1393	Nubi	PIG	1337	phakpa			pig	n.
1394	Nubi	PARENTS	505	phãkja			parents	n.
1395	Nubi			phatse			approximately	adv.
1396	Nubi	NOW	1376	phatse			now	adv.
1397	Nubi			phatsu			witch doctor	n.
1398	Nubi			phane manja			worthless thing	n.
1399	Nubi			phanemane			to be helpless	v.
1400	Nubi			pham			to lose a game	v.
1401	Nubi	PARENTS	505	phama			parents	n.
1402	Nubi			phamtʃuk			to defeat	v.
1403	Nubi	RELIGION	661	phajun			religion	n.
1404	Nubi	WOLF	522	phara			wolf	n.
1405	Nubi	AGAIN	204	phalam			again	adv.
1406	Nubi			phaldze			around	adv.
1407	Nubi	HALF	816	phe			half	adj.
1408	Nubi			phe			flour [Tib., cf. tsampa]	n.
1409	Nubi	HALF	816	pheka			half	adj.
1410	Nubi	OUTSIDE	762	pheta			outside	adv.
1411	Nubi	OUTSIDE	762	phetala			outside	adv.
1412	Nubi	BENEFIT	2929	phentho			benefit	n.
1413	Nubi			phenthok			to be useful	v.
1414	Nubi			phep			to go (Hon.)	v.
1415	Nubi			phĩ			to go (PST)	v.
1416	Nubi			phike			on back side	adv.
1417	Nubi			phin			go [Sama]	v.
1418	Nubi			phinaŋ			inside out (clothes)	adj.
1419	Nubi			phindzar			person who farts much	n.
1420	Nubi	FART	1159	phindi			to fart	v.
1421	Nubi	RELATIVES	1644	phima			relative	n.
1422	Nubi	FLY (MOVE THROUGH AIR)	1441	phir			to fly	v.
1423	Nubi			phirtsu			to make fly	v.
1424	Nubi	OUTSIDE	762	phila			outside	adv.
1425	Nubi	AGAIN	204	philam			again	adv.
1426	Nubi	BUTTERFLY	1791	philep			butterfly	n.
1427	Nubi			philo			reverse, contrary	adj.
1428	Nubi			phok			to be hit by something hard (such as stone)	v.
1429	Nubi			phoŋar			a kind of mushroom	n.
1430	Nubi			phon			telephone (Eng.)	n.
1431	Nubi			phoso tshumbu			looking handsome (male)	adj.
1432	Nubi			phu			that side, thither [Lho, cf. pha]	adv.
1433	Nubi			phu			cave [Lho, cf. phuku]	n.
1434	Nubi			phuku			cave [Sama, cf. phu]	n.
1435	Nubi	ALL	98	phuknak			all	adj.
1436	Nubi			phuta			there [Sama, cf. oda]	adv.
1437	Nubi			phul			to offer to monk	v.
1438	Nubi	SLEEVE	2953	phuluŋ			sleeve	n.
1439	Nubi			phʏ			liquor (hon)	n.
1440	Nubi			bã			grain storage container	n.
1441	Nubi			-ba			ordinal numeral marker	gram.
1442	Nubi			baudhdhə			Bodhdha	n.
1443	Nubi			baktʃa			belief that if you do good in this life, you will have easy life in later life	n.
1444	Nubi			bakta			big injury or wound	n.
1445	Nubi			baŋ			to make wet	v.
1446	Nubi			batsi			beaten rice	n.
1447	Nubi	LAMP	625	bati			lamp	n.
1448	Nubi			bap			to come down	v.
1449	Nubi	FALL	1280	bap gjal			to fall	v.
1450	Nubi	COURAGE	3049	bap tsheraŋ			courage	n.
1451	Nubi			bababap			pressed	adj.
1452	Nubi	FOG	249	bamo			mist	n.
1453	Nubi			bajul			Kathmandu [PN]	n.
1454	Nubi	BURN	2102	bar			to burn	v.
1455	Nubi	RICH	712	baro			rich	adj.
1456	Nubi			bardo			intermediary realm after death	n.
1457	Nubi	BETWEEN	689	balak			between	adv.
1458	Nubi			balaŋ			cow [Lho, cf. temo]	n.
1459	Nubi			be			particle (unexpectedly)	part.
1460	Nubi			be			throughout	adv.
1461	Nubi	DITCH	2002	bekuŋ			ditch	n.
1462	Nubi			beŋk			bank (Eng.)	n.
1463	Nubi			bejul			hidden valley	n.
1464	Nubi			beraŋ			totally	adv.
1465	Nubi	ALWAYS	1676	beraŋni			always	adv.
1466	Nubi			biŋ			to submerge	v.
1467	Nubi			boudda			Boudhdha (place in Kathmandu)	n.
1468	Nubi	BOTTLE	1321	bodal			bottle	n.
1469	Nubi			bora			sack (Nep.)	n.
1470	Nubi			bolon			loan	n.
1471	Nubi	SON	1620	bu			son	n.
1472	Nubi	INSECT	620	bu			insect	n.
1473	Nubi			bu			to go [Lho]	v.
1474	Nubi			bu			brother; brother in law; boy	n.
1475	Nubi	INSIDE	1606	bukla			inside	adj.
1476	Nubi	DONKEY	1862	buŋgu			donkey	n.
1477	Nubi			butsab			substitute son	n.
1478	Nubi			bubhõ			son and daughter	n.
1479	Nubi			burol			placenta	n.
1480	Nubi			buluk			bulb (of electricity)	n.
1481	Nubi			buʃu			hollow pipe like bamboo stick	n.
1482	Nubi			bø			to be spilled	v.
1483	Nubi			bhaŋde			hole in the wall to place something	n.
1484	Nubi			bhaʈʈa			pot for changing the water during its preparation	n.
1485	Nubi			bhandzaŋ			Bhanjhang  village [PN]	n.
1486	Nubi	FALL	1280	bhap			to fall	v.
1487	Nubi			bhar			place in between	n.
1488	Nubi			bharke			between [Lho, cf. kuŋ]	adv. 
1489	Nubi	HELL	878	bharku			hell	n.
1490	Nubi			bhartʃhe			plenatary influence	n.
1491	Nubi	BEFORE	1882	bhartu			till	post.
1492	Nubi	BETWEEN	689	bhala			between	adv.
1493	Nubi	SOMETIMES	1544	bhalak bhalak			sometimes	adv.
1494	Nubi	SOMETIMES	1544	bhalaksa			sometimes	adv.
1495	Nubi	COW	1007	bhalaŋ			cow	n.
1496	Nubi	BREAD	1368	bhale			bread	n.
1497	Nubi	FROG	503	bhalba			frog	n.
1498	Nubi			bhahjul			Kathmandu (capital city of Nepal)	n.
1499	Nubi			bhe			to split; to open	v.
1500	Nubi	HIDE (CONCEAL)	602	bhe			to hide	v.
1501	Nubi			bheka			interest (of money)	n.
1502	Nubi	CHILD	2099	bhetsa			child	n.
1503	Nubi			bhetsaguru			a hymn	n.
1504	Nubi			bhetsaguru			Bhechaguru hymn	n.
1505	Nubi			bhetsabheʈuk			grand child	n.
1506	Nubi	CHILD	2099	bhedzabhiʈuk			children	n.
1507	Nubi			bhedeli			getting support for always	n.
1508	Nubi	WIFE	1199	bheme			wife	n.
1509	Nubi	WALKING STICK	1296	bherka			walking stick	n.
1510	Nubi			bhi			Bhi village [PN]	n.
1511	Nubi	DAUGHTER	1357	bhõ			daughter	n.
1512	Nubi			bhõ amtso			mushroom like a girl's ear	n.
1513	Nubi			bhortom			total	adj.
1514	Nubi			bholen			loan	n.
1515	Nubi	PIMPLE	1809	bhuru			pimple	n.
1516	Nubi			bhulen			loan	n.
1517	Nubi			bhuʃu			hollow bamboo piece used to light fire	n.
1518	Nubi			bhʏ			to light fire	v.
1519	Nubi			bhø			Tibet	n.
1520	Nubi			bhøtho			Tibetan calender	n.
1521	Nubi			bhøpa			Tibetan	n.
1522	Nubi			ma			particle (is it?)	part.
1523	Nubi	DOWN OR BELOW	2094	ma			below	adv.
1524	Nubi			makpa			son in law	n.
1525	Nubi			makpa			son in  law	n.
1526	Nubi			magen			elderly woman	n.
1527	Nubi			magen			aged woman	n.
1528	Nubi			maŋtshe			majority	adj.
1529	Nubi	HOW MUCH	531	maŋpo			much	adj.
1530	Nubi			maŋlø			how much [Nubri, cf. maŋlø]	adj.
1531	Nubi			matshap			substitute mother	n.
1532	Nubi			maʈik			not matching; not agreeing	adj.
1533	Nubi	ONLY	1580	mato			only	adv.
1534	Nubi	ONLY	1580	matok			only	adv.
1535	Nubi			mane			prayer wheel	n.
1536	Nubi			mane			hymn (mani)	n.
1537	Nubi			mane			Mane worship	n.
1538	Nubi	SCAR	497	mandʒe			scar	n.
1539	Nubi			manɖal			a kind of worship done at home	n.
1540	Nubi			ma:r			ghee	n.
1541	Nubi	DOWN OR BELOW	2094	mar			below	adv.
1542	Nubi	NEVER	1656	maraŋ			never	adv.
1543	Nubi	ALL	98	maraŋne			all	adj.
1544	Nubi			maru			towards below	adv.
1545	Nubi	RED	156	marpo			red	adj.
1546	Nubi	DOWN OR BELOW	2094	mala			below	adv.
1547	Nubi	CHIN	1510	male			chin	n.
1548	Nubi	IF	1459	masi			if	conj.
1549	Nubi			má			maize; corn	n.
1550	Nubi	GRANDFATHER	1383	me			grandfather	n.
1551	Nubi	DOWN OR BELOW	2094	me			below	adv.
1552	Nubi			me-			negative marker	gram.
1553	Nubi	BURN	2102	me taŋ			to burn	v.
1554	Nubi	POOR	1674	meken			poor	adj.
1555	Nubi	SPOIL (SOMEBODY OR SOMETHING)	92	meŋen			to spoil	v.
1556	Nubi	MEDICINE	1372	men			medicine	n.
1557	Nubi			menda			family members	n.
1558	Nubi	GUN	1566	menda			gun	n.
1559	Nubi	BRIGHT	679	menda karpo			bright	adj.
1560	Nubi	FLOWER	239	mendo			flower	n.
1561	Nubi	FAMILY	194	meme			family	n.
1562	Nubi	WORK (LABOUR)	984	melak			labour	n.
1563	Nubi			melak			labour exchange	n.
1564	Nubi	MAN	1554	mi			man	n.
1565	Nubi	NOT	1240	mi-			negative	gram.
1566	Nubi	EYE	1248	mik			eye	n.
1567	Nubi	TEAR (SHRED)	1735	miktʃhu			tear	n.
1568	Nubi	MAGIC	392	mikʈhul			magic	n.
1569	Nubi	EYEBROW	1173	mikpu			eyebrow	n.
1570	Nubi			mikʃel			eyeglass	n.
1571	Nubi			mikhjok			slant (eye)	adj.
1572	Nubi	SWALLOW	897	mig			to swallow	v.
1573	Nubi	NAME	1405	miŋ			name	n.
1574	Nubi	NAME	1405	miŋla			name	n.
1575	Nubi	LIFE	210	mitshe			life	n.
1576	Nubi			midzaŋ			people who dwell under the same roof	n.
1577	Nubi			mindu			negative copula	v.
1578	Nubi			minduk			negative copular verb	v.
1579	Nubi	DREAM	2374	milam			dream	n.
1580	Nubi	SHE	1834	mo			she	pron.
1581	Nubi	CURSE	8	mo tap			to curse	v.
1582	Nubi			motso tshumbu			looking handsome (female)	adj.
1583	Nubi	MOTOR	110	moʈor			motor	n.
1584	Nubi			momo			dumpling (momo)	n.
1585	Nubi			moral			place for father to live (in the house)	n.
1586	Nubi			molam			worship; wish	n.
1587	Nubi	DOWN OR BELOW	2094	mu			below	adv.
1588	Nubi	PUBIC HAIR	36	muktsi			pubic hair	n.
1589	Nubi	CLOUD	1489	mukpa			cloud	n.
1590	Nubi	DARK	706	mukpo			dark	adj.
1591	Nubi	DOWN OR BELOW	2094	muda			below	adv.
1592	Nubi			mur			to massage	v.
1593	Nubi			mula 			with [Lho, cf. ɲumpu]	post.
1594	Nubi	MOLE	1907	mja			mole	n.
1595	Nubi	WOUND	1109	má			wound	n.
1596	Nubi			mé			be.NEG	v.
1597	Nubi	FIRE	221	mé			fire	n.
1598	Nubi	GRANDFATHER	1383	mè			grandfather	n.
1599	Nubi			ja			also	part.
1600	Nubi	AGAIN	204	jaŋ			again	adv.
1601	Nubi			japsa			porch [Lho, cf. japsi]	n.
1602	Nubi			japsi			porch [Sama, cf. Japsa]	n.
1603	Nubi			jar			to use (borrowed things)	v.
1604	Nubi	BORROW	1823	jar			to borrow	v.
1605	Nubi	SUMMER	1342	jarka			summer	n.
1606	Nubi	GOOD	1035	jàkpo			good	adj.
1607	Nubi			jolok			yard [Lho, cf. ghorom]	n.
1608	Nubi	SHAKE	1909	juk			to shake	v.
1609	Nubi	LEAVE	1752	juk			to leave	v.
1610	Nubi	THROW	1456	juk			to throw	v.
1611	Nubi			jøsoŋ			Josong (place name in Lho)	n.
1612	Nubi			rã			place where animals are tied	n.
1613	Nubi	SOME	1241	ra			some	adj.
1614	Nubi			ra			particle (emphasis)	part.
1615	Nubi	GOAT	1502	ra			goat	n.
1616	Nubi			ra			the bottom floor of house	n.
1617	Nubi			ra			animal shed (on the bottom floor)	n.
1618	Nubi			-ra			plural marker	gram.
1619	Nubi			ra khokhok			curly hair	n.
1620	Nubi	GET	694	rak			to get	v.
1621	Nubi			rak			a kind of bird (patriage)	n.
1622	Nubi			rakpa			rope or band supporting the load carried ont the back	n.
1623	Nubi	SELF	1993	raŋ			self	pron.
1624	Nubi	OWN	684	raŋ			own	adj.
1625	Nubi			raŋaroŋe			road with ditches	n.
1626	Nubi			raŋkaruŋke			unsystematic	adj.
1627	Nubi			raŋdø			selfish	adj.
1628	Nubi			raŋsa			very place	n.
1629	Nubi			raŋsa			same as before	adv.
1630	Nubi			raná			Dyang village [PN]	n.
1631	Nubi			rap			thread strap worn aroun horse's mouth (to make it easy to ride it)	n.
1632	Nubi			rapne			inauguration	n.
1633	Nubi			ral			to tear (intra.)	v.
1634	Nubi			re			copula verb	v.
1635	Nubi	CLOTHES	1895	re			clothes	n.
1636	Nubi			reka			out of home; forest	adv.
1637	Nubi	HILL	614	reka			hill	n.
1638	Nubi	FOREST	420	reka			forest	n.
1639	Nubi	CAT	1208	reka simtsen			wild	adj.
1640	Nubi			reŋka			some [Lho, cf. hjulu]	adj.
1641	Nubi	LAZY	1564	repa			lazy	n.
1642	Nubi	ALONE	1964	remi			alone	adv.
1643	Nubi			rere			one at a time	num.
1644	Nubi			rel			cord for tethering beasts	n.
1645	Nubi	SOME	1241	reli			some	adj.
1646	Nubi			reli			cord for tethering beasts	n.
1647	Nubi			rewa 			staircase (Sama, cf. ʈewa)	n.
1648	Nubi	ASK (REQUEST)	1828	rewa sui			request	n.
1649	Nubi			riu			young goat	n.
1650	Nubi	MIND	1562	rikpa			mind	n.
1651	Nubi			riksuŋ			tradition	n.
1652	Nubi	SOME	1241	riŋke			some	pron.
1653	Nubi			riŋga			some [Lho, cf. hjulu]	adj.
1654	Nubi	LONG	1203	riŋbo			long	adj.
1655	Nubi	LONG	1203	riŋbu			long	adj.
1656	Nubi	SNEEZE	1621	ripa			to sneeze	v.
1657	Nubi			ripum			Ripum (gompa)	n.
1658	Nubi	RABBIT	1136	ribuŋ			rabbit	n.
1659	Nubi			ribuŋ gompa			Ribung gompa [PN]	n.
1660	Nubi			rimaŋ			dung of sheep, goat	n.
1661	Nubi	PICTURE	2401	rimu			picture	n.
1662	Nubi			rimburtshe			Rimborche	n.
1663	Nubi	FRIEND	1325	ro			friend	n.
1664	Nubi	ALONE	1964	roeme			alone	adj.
1665	Nubi			rokpa			friend (Tib.)	n.
1666	Nubi	FRIEND	1325	rokpa			friend	n.
1667	Nubi	HELP	1897	rokram			help	n.
1668	Nubi			roŋ			low land	n.
1669	Nubi			roŋ			low land (from Nubri)	n.
1670	Nubi			roŋba			man.from.Kathmandu	n.
1671	Nubi			roŋba			man from low land	n.
1672	Nubi	ALONE	1964	rome			alone	adj.
1673	Nubi	ALONE	1964	rome			alone	adv.
1674	Nubi			rorku			sixty nine	num.
1675	Nubi	CORPSE	767	ró			corpse	n.
1676	Nubi			rui			baby goat, young goat	n.
1677	Nubi			rui			Rui village [PN]	n.
1678	Nubi			rup			work done by getting help from others	n.
1679	Nubi			ruppa			a kind of green leave found in the forest used as vegetable	n.
1680	Nubi			rʏ			Rui village (in Tibet)	n.
1681	Nubi			rʏ			landslide	n.
1682	Nubi			rø			Sama village	n.
1683	Nubi			rø			Sama village [PN]	n.
1684	Nubi			røma			a kind of drum	n.
1685	Nubi	ONLY	1580	røme			only	adv.
1686	Nubi			rja			particle (Q)	part.
1687	Nubi	HAIR	1040	r̥a			hair	n.
1688	Nubi	SWELL	1573	r̥aŋ			to swell	v.
1689	Nubi	HARD	1884	r̥ande			hard	adj.
1690	Nubi	SMALL	1246	r̥ar̥i			little	adj.
1691	Nubi			r̥alam			partition (area that has partition) on the head	n.
1692	Nubi	PRINCE (RULER)	2554	r̥eu			prince	n.
1693	Nubi			r̥endi			tough, strong and flexible	adj.
1694	Nubi			r̥i			for some time	adv.
1695	Nubi	MORE	1992	r̥i			more	adv.
1696	Nubi			r̥i			maize grain	n.
1697	Nubi			r̥i			during; for a while	adv.
1698	Nubi	SOME	1241	r̥iŋke			some	pron.
1699	Nubi	SMALL	1246	r̥itʃik			little	adj.
1700	Nubi	HOW LONG	2338	r̥inloe			how long	adv.
1701	Nubi			r̥il			to turn upside down	v.
1702	Nubi			r̥il			to roll down	v.
1703	Nubi	AMULET	2804	r̥õ			amulet	n.
1704	Nubi			r̥o			egg of the louse	n.
1705	Nubi			r̥o			to heat (tran.)	v.
1706	Nubi	BE ANGRY	2223	r̥olaŋ			to be angry	v.
1707	Nubi			r̥olaŋtsu			to make angry	v.
1708	Nubi	TOGETHER	2482	r̥uk			together	post.
1709	Nubi			r̥ukdze			to gather (intr.)	v.
1710	Nubi			r̥uktaŋ			to gather (tran.)	v.
1711	Nubi			r̥uŋ			mother's elder sister	n.
1712	Nubi			r̥ul			to decay	v.
1713	Nubi			r̥tshula			little this side (near)	adv.
1714	Nubi	AMULET	2804	r̥wã			amulet	n.
1715	Nubi			lã			monk	n.
1716	Nubi	YES	1268	la			yes	excl.
1717	Nubi	FEAR (FRIGHT)	781	la			fear	n.
1718	Nubi			-la			locative case; dative case; objective case	gram.
1719	Nubi			lain			line (Eng.)	n.
1720	Nubi			lau			labour exchange [Sama, cf. lahjo]	n.
1721	Nubi	FAST	1631	lau			quickly	adv.
1722	Nubi	REMAIN	987	lak			to remain	v.
1723	Nubi			lakor			grinding stone	n.
1724	Nubi			lakor			grinding stone	n.
1725	Nubi	HAND	1277	lakpa			hand	n.
1726	Nubi			lakpa			Lakpa	n.
1727	Nubi			lakpadiki			Lakpa Dhiki	n.
1728	Nubi			lakma			remaining	adj.
1729	Nubi			laŋ			to occur	v.
1730	Nubi	RISE (MOVE UPWARDS)	568	laŋ			to rise	v.
1731	Nubi			laŋ			to erect (penis)	v.
1732	Nubi			laŋtsu			to make stand	v.
1733	Nubi			laŋdaŋ			one side	n.
1734	Nubi	ELEPHANT	1290	laŋpotshe			elephant	n.
1735	Nubi	OX	1169	laŋbo			ox	n.
1736	Nubi			laŋma			remaining	adj.
1737	Nubi			laŋma ʃoŋ			mushroom of tree	n.
1738	Nubi	RAFTER	829	ladza			rafter	n.
1739	Nubi			latok			situated (located) on the top	adj.
1740	Nubi	SAY	1458	lap			to say	v.
1741	Nubi	SPEAK	1623	lap			to speak	v.
1742	Nubi	BRAIN	1583	lapa			brain	n.
1743	Nubi			lapraŋ			Lapran (a person's name)	n.
1744	Nubi			lapsaŋ			a kind of worship done at home	n.
1745	Nubi	ROAD	667	lam			road	n.
1746	Nubi			lama			monk	n.
1747	Nubi	ROAD	667	lamkja			road	n.
1748	Nubi			lamsaŋ			immediately; immediately after	adv.
1749	Nubi			lalok			to turn upside down	v.
1750	Nubi	ABOVE	1741	lawa			above	adv.
1751	Nubi			lawa			a kind of flute played at gompa	n.
1752	Nubi			laso			okay	gram.
1753	Nubi	THIGH	800	laʃa			thigh	n.
1754	Nubi			lahjo			labour exchanage [Lho, cf. lau]	n.
1755	Nubi			lá			consciousness (fear)	n.
1756	Nubi			lá			wage	n.
1757	Nubi			lá			musk-deer	n.
1758	Nubi			lá			presence of mind; spirit	n.
1759	Nubi	TAKE	1749	láŋ			to take	v.
1760	Nubi	STAND	1442	láŋ			to stand	v.
1761	Nubi			láŋ			a kind of tree	n.
1762	Nubi	TEACH	709	láp			to teach	v.
1763	Nubi	ABOVE	1741	lála			above	adv.
1764	Nubi			le			plait of girls	n.
1765	Nubi			le			leziness	n.
1766	Nubi	LEAVE	1752	le			to leave	v.
1767	Nubi			-le			comparative degree	gram.
1768	Nubi	LAZY	1564	le malambo			lazy	adj.
1769	Nubi	GOOD	1035	lea			better	adj.
1770	Nubi	BEAUTIFUL	1427	leu			beautiful	adj.
1771	Nubi	WORK (LABOUR)	984	leka			work	n.
1772	Nubi	GHOST	1175	lenɖe			ghost	n.
1773	Nubi			lep			to reach; to arrive	v.
1774	Nubi	COME	1446	lep			to come	v.
1775	Nubi	BEAUTIFUL	1427	lepu			beautiful	adj.
1776	Nubi	DUMB	1492	lemba			dumb	adj.
1777	Nubi			leru			Leru (place in Tibet)	n.
1778	Nubi			lerudordze			Leru Dorje (a person's name)	n.
1779	Nubi			leʃo			most beautiful	adj.
1780	Nubi			li			Li village	n.
1781	Nubi	PENIS	1222	likpa			penis	n.
1782	Nubi	PUBIC HAIR	36	likpu			pubic hair	n.
1783	Nubi			liŋ			place (certain area)	n.
1784	Nubi			liŋ			partition of the hair (on head)	n.
1785	Nubi			liŋdiŋ			other side	adv.
1786	Nubi	FLUTE	777	liŋpu			flute	n.
1787	Nubi			liŋʃan			bell (fixed on the neck of horse)	n.
1788	Nubi			limi			Limi (place in Lho)	n.
1789	Nubi			lo			year; age	n.
1790	Nubi	READ	724	lo			to read	v.
1791	Nubi			lo			Lho village	n.
1792	Nubi			lo			hearsay particle	part.
1793	Nubi	COUGH	879	lo khol			to cough	v.
1794	Nubi	COME BACK	581	lok			to return	v.
1795	Nubi	FALL	1280	lok			to fall down	v.
1796	Nubi			lok			lamp; holy threads used to burn	n.
1797	Nubi	TURN	1588	lok			to turn	v.
1798	Nubi	DEPEND	756	lokal			to depend	v.
1799	Nubi			lokaldi			support	n.
1800	Nubi			loko			courageous	adj.
1801	Nubi	COME BACK	581	lokɖok			to return	v.
1802	Nubi	LIGHTNING	1654	lokmar			lightening	n.
1803	Nubi			loŋ			leisure	n.
1804	Nubi			lopa			Lho villager	n.
1805	Nubi	STUDY	1929	loptsuŋ			study	n.
1806	Nubi	SCHOOL	673	lopʈa			school	n.
1807	Nubi	LEAF	628	loma			leaf	n.
1808	Nubi			lorkju			history	n.
1809	Nubi	COURAGE	3049	lorkho			courage	n.
1810	Nubi	SONG	1096	lu			song	n.
1811	Nubi	FALL	1280	luk			to fall down	v.
1812	Nubi			luŋ			wind (Tib.)	n.
1813	Nubi	VILLAGE	930	luŋpa			village	n.
1814	Nubi	STREAM	947	luŋba			stream	n.
1815	Nubi			luŋba			small canal-like channel after ploughing	n.
1816	Nubi			lú			snake god	n.
1817	Nubi			lùk			to pour; to add	v.
1818	Nubi			lʏ			manure (animal dung)	n.
1819	Nubi	HAPPEN	248	ljau			to happen	v.
1820	Nubi	BEAUTIFUL	1427	lépo			beautiful	adj.
1821	Nubi			l̥a			goddess	n.
1822	Nubi			l̥ak			remaining	adj.
1823	Nubi	SPIRIT	53	l̥akdok			spirit	n.
1824	Nubi			l̥adokgudo			spirit of mind	n.
1825	Nubi			l̥adokgudok			consciousness	n.
1826	Nubi			l̥asa			Lhasa	n.
1827	Nubi			l̥aʃol			offering to the deities	n.
1828	Nubi			l̥e			animal shed	n.
1829	Nubi	PIECE	594	l̥ep			piece	n.
1830	Nubi	PLAIT	333	l̥ema			plait	n.
1831	Nubi	SOUTH	1595	l̥o			south	n.
1832	Nubi	LOOSE	2506	l̥opl̥op			loose	adj.
1833	Nubi	CALM	258	l̥ol̥o			calm	adj.
1834	Nubi			l̥ø			relaxed	adj.
1835	Nubi	DOWN OR BELOW	2094	wa			below	adv.
1836	Nubi			wa			to uproot	v.
1837	Nubi			-wa			ordinal numeral suffix	gram.
1838	Nubi	DOWN OR BELOW	2094	wak			below	adv.
1839	Nubi			wak			from down	adv.
1840	Nubi	DOWN OR BELOW	2094	wakla			below	adv.
1841	Nubi			wakhaŋ			ground floor	n.
1842	Nubi			waŋ			sanctified food	n.
1843	Nubi			waŋboʃor			handicapped person because of old age, or sickness	n.
1844	Nubi			wasula			below (towards below)	adv.
1845	Nubi			we			particle (question)	part.
1846	Nubi			sa			like this	adj.
1847	Nubi	WORLD	965	sa			earth	n.
1848	Nubi	EARN	733	sa			to earn	v.
1849	Nubi			sa			day (of week)	n.
1850	Nubi			sa			to go [Sama]	v.
1851	Nubi			-sa			nominalizer	gram.
1852	Nubi			-sa			nominalizer 	gram.
1853	Nubi			sakar			planet	n.
1854	Nubi			sakar			date (for any auspicious things)	n.
1855	Nubi			sakpa sa			to tease (intr., tran.)	v.
1856	Nubi			saŋ			brass	n.
1857	Nubi	SECRET	1121	saŋ			secret	adj.
1858	Nubi			saŋasiŋi			confusion	n.
1859	Nubi			saŋke			Budhdha	n.
1860	Nubi			saŋge			name of a male person	n.
1861	Nubi			saŋgol			going around during worship	n.
1862	Nubi	EARTHQUAKE	6	saŋgul			earthquake	n.
1863	Nubi			saŋbo			gentleman	n.
1864	Nubi			saŋsiŋ			disorder	n.
1865	Nubi	PLACE (POSITION)	723	satsa			place	n.
1866	Nubi	FEED	739	satsuk			to feed	v.
1867	Nubi	PLACE (POSITION)	723	satʃa			place	n.
1868	Nubi			saɲil			landslide	n.
1869	Nubi			sataktawatshe			an imaginary animal	n.
1870	Nubi			sataktowpotʃhe			king of land	n.
1871	Nubi	SMALL	1246	sataksatuk			little	adj.
1872	Nubi			satuk bu			insect found in nettle	n.
1873	Nubi			sanum			kerosene	n.
1874	Nubi	FOOD	256	saptuŋ			food	n.
1875	Nubi			sabu			a kind of insect	n.
1876	Nubi	REMEMBER	707	sam			to remember	v.
1877	Nubi			sam			to consider;  to think	v.
1878	Nubi	BRIDGE	1011	sampa			bridge	n.
1879	Nubi			samba			bridge, traditional bridge with flat wooden log	n.
1880	Nubi	THINK	2271	samlo taŋ			to think	v.
1881	Nubi	EARTHQUAKE	6	sajom			earthquake	n.
1882	Nubi			sarkjaŋ			very new	adj.
1883	Nubi	NEW	1231	sarpa			new	adj.
1884	Nubi	LAME	320	sale			lame	adj.
1885	Nubi	CLEAR	989	salpo			clear	adj.
1886	Nubi			sà			to torn	v.
1887	Nubi	SPEAK	1623	se			to speak	v.
1888	Nubi	KNOW (SOMETHING)	1410	se			to know	v.
1889	Nubi	KILL	1417	se			to kill	v.
1890	Nubi			se ge			to split the land	v.
1891	Nubi	STRONG	785	se tshumbo			strong	adj.
1892	Nubi			seʈa			college of lama	n.
1893	Nubi			seʈa			a level of lama's training and education	n.
1894	Nubi	MANY	1198	setak			many	adj.
1895	Nubi			setaŋ			aged couple	n.
1896	Nubi			sethal			plate (Hon.)	n.
1897	Nubi			sen			lest	conj.
1898	Nubi			sen			lest	conj.
1899	Nubi	GREEDY	2018	senʈe			greedy	adj.
1900	Nubi			senʈepa			miser	adj.
1901	Nubi	SOUL	811	sem			soul	n.
1902	Nubi	ANXIETY	1000	sema			anxiety	n.
1903	Nubi	OTHER	197	semen			other	pron.
1904	Nubi			semuk			momo (Hon.)	n.
1905	Nubi	ANIMAL	619	semtsen			animal	n.
1906	Nubi			semtso			opinion	n.
1907	Nubi	ANXIETY	1000	semʈhel			anxiety	n.
1908	Nubi	YOUNG	1207	sempo			young	adj.
1909	Nubi	THOUGHT	2975	semlo			thought	n.
1910	Nubi			sejun			knowledge	n.
1911	Nubi			ser thiŋ thiŋ			very yellow	adj.
1912	Nubi			sera			hailstone	n.
1913	Nubi			seraŋ			Serang (Serang gompa)	n.
1914	Nubi			seraŋ			serang gompa	adj.
1915	Nubi	DITCH	2002	serka			ditch	n.
1916	Nubi			sertop			apex; pinacle of temple	n.
1917	Nubi	YELLOW	1424	serpo			yellow	adj.
1918	Nubi	NAIL (TOOL)	502	sermo			nail	n.
1919	Nubi			selak			food (Hon.)	n.
1920	Nubi			sé			to comb	v.
1921	Nubi			sè			third day (third day in future)	n.
1922	Nubi			sèn			otherwise	conj.
1923	Nubi			sèn			traditional porridge	n.
1924	Nubi			si			to look (Hon.)	v.
1925	Nubi			sitsin			Sichin (name of gompa)	n.
1926	Nubi			sinum			three days back	adv.
1927	Nubi			sipsip			in small grains	adj.
1928	Nubi			sim			to sleep (Hon.)	v.
1929	Nubi			sim			sleep (Hon.)	n.
1930	Nubi	TASTY	1813	simbo			delicious	adj.
1931	Nubi	TIGER	846	sìk			tiger	n.
1932	Nubi			so			to prepare	v.
1933	Nubi			so			So village	n.
1934	Nubi			sokpa			wings; feather	n.
1935	Nubi			sokpa			nostrill	n.
1936	Nubi	GO	695	soŋ			to go	v.
1937	Nubi	GO	695	soŋ			went	v.
1938	Nubi			sode			luck	n.
1939	Nubi			sode tʃhembo			lucky	adj.
1940	Nubi			sode medi			unfortunate	adj.
1941	Nubi			soldʒa			tea (Hon)	n.
1942	Nubi			solʈum			meat (Hon.)	n.
1943	Nubi			solɖe			rice (Hon.)	n.
1944	Nubi			solɖʏn			food (Hon.)	n.
1945	Nubi			soltur			spoon (Hon.)	n.
1946	Nubi	MEDICINE	1372	solmen			medicine	n.
1947	Nubi			sowa			prayer	n.
1948	Nubi	SICKLE	341	sòra			sickle	n.
1949	Nubi			su			around	adv.
1950	Nubi	WHO	1235	su			who	pron.
1951	Nubi			suk			to sit (Hon.)	v.
1952	Nubi			suku			leaf of books	n.
1953	Nubi			suktshe			majority	adj.
1954	Nubi			sukpo			body (Tib.)	n.
1955	Nubi			suksøla 			finally [Lho, cf. tiŋsø]	adv.
1956	Nubi			suŋ			to speak (Hon.)	v.
1957	Nubi			suŋ			to say (Hon.)	v.
1958	Nubi	TELL	1711	suŋ			to tell	v.
1959	Nubi			suŋke			speech (Hon.)	n.
1960	Nubi	BODY	1480	supu			body	n.
1961	Nubi	PREGNANT	1123	supu mathaŋ			pregnant	adj.
1962	Nubi	THREE	492	sum			three	num.
1963	Nubi			sum			to weep (Hon.)	v.
1964	Nubi			sum			churning pot	n.
1965	Nubi	HOLD	1448	sum			to hold	v.
1966	Nubi	THIRTY	1715	sumdʒu			thirty	num.
1967	Nubi	THIRD	1859	sumpa			third	num.
1968	Nubi	EDGE	863	sur			edge	n.
1969	Nubi	ALWAYS	1676	surkju			always	adv.
1970	Nubi			sula			around	adv.
1971	Nubi	BODY	1480	sù			body	n.
1972	Nubi	HIT	1433	sʏ			to hit	v.
1973	Nubi			sʏ			to dissolve (such as ghee, ice etc.)	v.
1974	Nubi			sʏtsuk			melt (tran.)	v.
1975	Nubi			sá			area; region	adj.
1976	Nubi			scarves			ceremonial scarves	n.
1977	Nubi	HAIR	1040	ʂa			hair	n.
1978	Nubi			ʂi			little more	adj.
1979	Nubi			ʂimbu			roundworm	n.
1980	Nubi			ʂu			uncle's wife	n.
1981	Nubi			ʃa			to tear (intr.)	v.
1982	Nubi	MEAT	634	ʃa			meat	n.
1983	Nubi	APPLE	1320	ʃau			apple	n.
1984	Nubi			ʃau			cap (traditional)	n.
1985	Nubi	KEEP	1477	ʃak			keep	v.
1986	Nubi	SPLIT	1437	ʃak			to split	v.
1987	Nubi	DAY (NOT NIGHT)	1225	ʃakpa			day	n.
1988	Nubi	HOW MUCH	531	ʃakpa			how much	adj.
1989	Nubi			ʃakpa			meat curry	n.
1990	Nubi	DAY (NOT NIGHT)	1225	ʃakma			day	n.
1991	Nubi			ʃaŋ			to build (Hon.)	v.
1992	Nubi			ʃaŋlu			song sung when one stands	n.
1993	Nubi			ʃap			leg (Hon.)	n.
1994	Nubi			ʃapten			worship (and other things)	n.
1995	Nubi			ʃam 			later [Lho, cf. tiŋla]	adv.
1996	Nubi	OTHER	197	ʃamen			other	pron.
1997	Nubi	HAT	771	ʃamu			hat	n.
1998	Nubi	LATE	477	ʃamla			later	adv.
1999	Nubi	EAST	1877	ʃar			east	adj.
2000	Nubi			ʃar			to shave; to trim lama's hair	v.
2001	Nubi			ʃara			male (man)	n.
2002	Nubi	DANCE	1879	ʃarpu			to dance	v.
2003	Nubi			ʃarpu lu			song sung when people sing standing	n.
2004	Nubi			ʃal			to wash away	v.
2005	Nubi	WALL (OF HOUSE)	933	ʃala			wall	n.
2006	Nubi			ʃala			Shyala (PN)	n.
2007	Nubi			ʃala kjap			to smear	v.
2008	Nubi			ʃaldep			donation	n.
2009	Nubi	SPLIT	1437	ʃà			to split	v.
2010	Nubi	KEEP	1477	ʃàk			to keep	v.
2011	Nubi	BLIND	1653	ʃàra			blind	adj.
2012	Nubi			ʃàltep			donation	n.
2013	Nubi	SOMEONE	2422	ʃenda			others	adj.
2014	Nubi	OTHER	197	ʃemen			other	adj.
2015	Nubi	GLASS	604	ʃel			glass	n.
2016	Nubi	FOUR	1500	ʃi			four	num.
2017	Nubi	DIE	1494	ʃi			to die	v.
2018	Nubi	FALL	1280	ʃi			to fall down	v.
2019	Nubi	LOOK	1819	ʃi			to look	v.
2020	Nubi			ʃik			to look (Hon.)	v.
2021	Nubi	LOUSE	1392	ʃik			louse	n.
2022	Nubi	FALL	1280	ʃik			to fall down	v.
2023	Nubi	FIELD	212	ʃiŋ			field	n.
2024	Nubi	FIREWOOD	10	ʃiŋ			firewood	n.
2025	Nubi	FINISH	1766	ʃiŋ			to finish	v.
2026	Nubi			ʃiŋŋal			burning piece of wood	n.
2027	Nubi	FARMER	979	ʃiŋpa			farmer	n.
2028	Nubi	TERMITE	883	ʃiŋbu			termite	n.
2029	Nubi			ʃidur			fear after one's death	n.
2030	Nubi			ʃipa			fourth	num.
2031	Nubi	FORTY	1716	ʃiptʃu			forty	num.
2032	Nubi	TASTY	1813	ʃimpo			tasty	adj.
2033	Nubi			ʃo			Sho (place name in Lho)	n.
2034	Nubi			ʃoŋ			to accomodate; to have enough place	v.
2035	Nubi	MUSHROOM	641	ʃoŋ			mushroom 	n.
2036	Nubi			ʃop			to be imprisoned	v.
2037	Nubi			ʃor			to be free; to be released	v.
2038	Nubi	LIKE	1117	ʃor			to like	v.
2039	Nubi	ENTER	749	ʃu			to enter	v.
2040	Nubi			ʃu			to sit (Hon.)	v.
2041	Nubi	ARROW	977	ʃu			arrow	n.
2042	Nubi	HIT	1433	ʃui			to hit	v.
2043	Nubi			ʃuk			force	n.
2044	Nubi	PLASTIC	654	ʃuku			plastic	n.
2045	Nubi	PLASTIC	654	ʃuku			plastic	n.
2046	Nubi	GOVERNMENT	815	ʃuŋ			government	n.
2047	Nubi	TOWARDS	2754	ʃuŋ			towards	adv.
2048	Nubi			ʃuŋ			book (of Buddhism)	n.
2049	Nubi			ʃʏ			to extend hand to receive something	n.
2050	Nubi	BUILD	1840	ʃø			to build	v.
2051	Nubi	KNOW (SOMETHING)	1410	ha go			to know	v.
2052	Nubi			hae			bad [Lho, cf. hawe]	adj.
2053	Nubi			hau			up there	adv.
2054	Nubi	THERE	1937	hauda			there	adv.
2055	Nubi	THERE	1937	hauda			there	adv.
2056	Nubi			haudala			further there	adv.
2057	Nubi	THERE	1937	haudala			there	adv.
2058	Nubi			haŋga			precipice; edge	n.
2059	Nubi			hape			bad; ugly	adj.
2060	Nubi	BAD	1292	hapera			bad	adj.
2061	Nubi			ham			shoes (Hon.)	n.
2062	Nubi			hajaŋ			almunium	n.
2063	Nubi	OUR	780	haroŋ			our	adj.
2064	Nubi			harkjok			horn [Lho, cf. arkjok]	n.
2065	Nubi			hartsho			further away that side	adv.
2066	Nubi			hala			thither; that side	adv.
2067	Nubi			halam			that much	adj.
2068	Nubi			hale			that side	adv.
2069	Nubi			hale			extremely; very	adv.
2070	Nubi	VERY	1311	hali			very	adv.
2071	Nubi			halo			that side	adv.
2072	Nubi			hawe			bad [Sama, cf. hae]	adj.
2073	Nubi			hẽ			exclamation	excl.
2074	Nubi			hemu			Kathmandu	n.
2075	Nubi			hembu			Kathmandu	n.
2076	Nubi			hé			potato [Lho, cf. do]	n.
2077	Nubi			héphép			mischivious	adj.
2078	Nubi			hitsé			belief	n.
2079	Nubi			hin			copula verb	v.
2080	Nubi			hin			copular verb	v.
2081	Nubi			hinaŋ gompa			Hinang gompa	v.
2082	Nubi			hip			to hide (intr.; tran.)	v.
2083	Nubi	YES	1268	hõ			yes	excl.
2084	Nubi	THAT	78	ho			that	pron.
2085	Nubi			hoi			towards there	adv.
2086	Nubi	THAT	78	hou			that	pron.
2087	Nubi			hou			of there	adv.
2088	Nubi			hogaŋ			that time	adv.
2089	Nubi	COME	1446	hoŋ			to come	v.
2090	Nubi			hoŋsaŋpu			Hongsangpu gompa (PN)	n.
2091	Nubi			hoŋsaŋphu			Hongsangphu (name of gompa)	n.
2092	Nubi			hoŋsaŋbu			Hongsangbu (name of a man)	n.
2093	Nubi			hotsø			that much	adj.
2094	Nubi			hoʈel			hotel (Eng.)	n.
2095	Nubi	THERE	1937	hota			there	adv.
2096	Nubi			hotok			really	adv.
2097	Nubi	THERE	1937	hoda			there	adv.
2098	Nubi	THERE	1937	hodala			there	adv.
2099	Nubi			hodiko			that one	pron.
2100	Nubi	THEY	817	hodigja			they	pron.
2101	Nubi			hone			like this	adj.
2102	Nubi			honɖe			like this	adj.
2103	Nubi	SUDDENLY	2920	hop			suddenly	adv.
2104	Nubi			hopame			Hopak God (Namo Buddha)	n.
2105	Nubi	SUDDENLY	2920	hoptak			suddenly	adv.
2106	Nubi	SUDDENLY	2920	hoptak medi			suddenly	adv.
2107	Nubi	SUDDENLY	2920	hoptatale			suddenly	adv.
2108	Nubi	DEAF	996	hompa			deaf	adj.
2109	Nubi			horaŋ			we [Prok, cf. horoŋ]	pron.
2110	Nubi			hortse			thank you	n.
2111	Nubi			hortshe			thank you	excl.
2112	Nubi			hordzuŋ			thank you	excl.
2113	Nubi	THERE	1937	hola			there	adv.
2114	Nubi			hosarbuʈi			Hosar Buti (name of a woman)	n.
2115	Nubi			hui			from that side	adv.
2116	Nubi			hutsho			over there	adv.
2117	Nubi			hutshuda			like this	adv.
2118	Nubi	THAT	78	hudi			that	pron.
2119	Nubi	FACE	1560	hunuŋ			face	n.
2120	Nubi			huʃaŋ			Husyang (PN)	n.
2121	Nubi	ABOVE	1741	hʏ			above	adv.
2122	Nubi			hʏhja			towards above	adv.
2123	Nubi	ALL	98	hødzo			all	adj.
2124	Nubi	DEAF	996	høntʃaŋ			deaf	adj.
2125	Nubi			hjã			okay	excl.
2126	Nubi	TOWARDS	2754	hja			towards	adv.
2127	Nubi	ABOVE	1741	hja			above	adv.
2128	Nubi			hjakpo			good [Tib. cf. ghoŋ]	adj.
2129	Nubi	AGAIN	204	hjaŋ			again	adv.
2130	Nubi			hjaŋ			also	part.
2131	Nubi	AGAIN	204	hjaŋ phalem			again	adv.
2132	Nubi	HOW MUCH	531	hjaŋdi			much	adv.
2133	Nubi			hjaŋba			careless	adj.
2134	Nubi	LIGHT (WEIGHT)	1052	hjaŋbo			light (weight)	adj.
2135	Nubi	LIGHT (WEIGHT)	1052	hjaŋmu			light (weight)	adj.
2136	Nubi	BRANCH	1531	hjaŋlak			branch	n.
2137	Nubi			hjaŋse			incarnation	n.
2138	Nubi			hjap			father (Hon)	n.
2139	Nubi			hjama			something unpleasant	n.
2140	Nubi			hjama			sinus; a bad nose	n.
2141	Nubi			hjamu			Kathmandu	n.
2142	Nubi			hjarke soŋ			to be developed	v.
2143	Nubi	LOSE	1660	hjal			to lose	v.
2144	Nubi	ABOVE	1741	hjala			above	adv.
2145	Nubi			hjalak			upward slope, ascent	n.
2146	Nubi			hjalka			branch (tree)	n.
2147	Nubi			hjo			copular verb	v.
2148	Nubi	ARMPIT	1886	hjoktsuk			armpit	n.
2149	Nubi			hjoktsuk wapu			hair of armpit	n.
2150	Nubi	ALL	98	hjotshe			all	adj.
2151	Nubi	ALL	98	hjodzø			all	adj.
2152	Nubi			hjop			iron thing in which the leg can be rested while riding horse	n.
2153	Nubi	RICE	926	hjopa			rice	n.
2154	Nubi	SOME	1241	hjolu			some	adj.
2155	Nubi			hjolmo			Yohlmo	n.
2156	Nubi			hjolsula			after that time	adv.
2157	Nubi			hjuta			that side	adv.
2158	Nubi	TIME	892	hjun			time	n.
2159	Nubi	ABOVE	1741	hjuru			above	adv.
2160	Nubi			hjurtsok			to doze	v.
2161	Nubi			hjurma			weed	n.
2162	Nubi	VILLAGE	930	hjul			village	n.
2163	Nubi	ABOVE	1741	hjula			above	adv.
2164	Nubi			hjulu			some [Sama, cf.  riŋga]	adj.
2165	Nubi			hjulmi			villager	n.
2166	Nubi	DOWN OR BELOW	2094	hwa			below	adv.
2167	Nubi			hwakaŋ			down floor	n.
2168	Nubi			hwakdila			lower side	adv.
2169	Nubi	DOWN OR BELOW	2094	hwakla			below	adv.
2170	Nubi	DOWN OR BELOW	2094	hwala			below	adv.
